DATAFLOW,MEASURE,REGIONTYPE,LGA_2018,FREQUENCY,TIME_PERIOD,OBS_VALUE,UNIT_MEASURE,UNIT_MULT,OBS_STATUS,OBS_COMMENT
ABS:ABS_REGIONAL_LGA2018(1.0.0),CENSUS_2,LGA2018,10050,A,2011,2.3,PCT,,,
ABS:ABS_REGIONAL_LGA2018(1.0.0),CENSUS_2,LGA2018,10050,A,2016,2.8,PCT,,,
ABS:ABS_REGIONAL_LGA2018(1.0.0),CENSUS_2,LGA2018,10130,A,2011,6.8,PCT,,,
ABS:ABS_REGIONAL_LGA2018(1.0.0),CENSUS_2,LGA2018,10130,A,2016,7.4,PCT,,,
ABS:ABS_REGIONAL_LGA2018(1.0.0),CENSUS_2,LGA2018,10250,A,2011,3.1,PCT,,,
ABS:ABS_REGIONAL_LGA2018(1.0.0),CENSUS_2,LGA2018,10250,A,2016,3.3,PCT,,,
ABS:ABS_REGIONAL_LGA2018(1.0.0),CENSUS_2,LGA2018,10300,A,2011,6.8,PCT,,,
ABS:ABS_REGIONAL_LGA2018(1.0.0),CENSUS_2,LGA2018,10300,A,2016,8.7,PCT,,,
ABS:ABS_REGIONAL_LGA2018(1.0.0),CENSUS_2,LGA2018,10470,A,2011,4.2,PCT,,,
ABS:ABS_REGIONAL_LGA2018(1.0.0),CENSUS_2,LGA2018,10470,A,2016,5.4,PCT,,,
ABS:ABS_REGIONAL_LGA2018(1.0.0),CENSUS_2,LGA2018,10500,A,2011,0.9,PCT,,,
ABS:ABS_REGIONAL_LGA2018(1.0.0),CENSUS_2,LGA2018,10500,A,2016,1,PCT,,,
ABS:ABS_REGIONAL_LGA2018(1.0.0),CENSUS_2,LGA2018,10550,A,2011,2.8,PCT,,,
ABS:ABS_REGIONAL_LGA2018(1.0.0),CENSUS_2,LGA2018,10550,A,2016,3.1,PCT,,,
ABS:ABS_REGIONAL_LGA2018(1.0.0),CENSUS_2,LGA2018,10600,A,2011,3,PCT,,,
ABS:ABS_REGIONAL_LGA2018(1.0.0),CENSUS_2,LGA2018,10600,A,2016,3.5,PCT,,,
ABS:ABS_REGIONAL_LGA2018(1.0.0),CENSUS_2,LGA2018,10650,A,2011,2,PCT,,,
ABS:ABS_REGIONAL_LGA2018(1.0.0),CENSUS_2,LGA2018,10650,A,2016,2.3,PCT,,,
ABS:ABS_REGIONAL_LGA2018(1.0.0),CENSUS_2,LGA2018,10750,A,2011,2.7,PCT,,,
ABS:ABS_REGIONAL_LGA2018(1.0.0),CENSUS_2,LGA2018,10750,A,2016,2.8,PCT,,,
ABS:ABS_REGIONAL_LGA2018(1.0.0),CENSUS_2,LGA2018,10800,A,2011,4,PCT,,,
ABS:ABS_REGIONAL_LGA2018(1.0.0),CENSUS_2,LGA2018,10800,A,2016,4.3,PCT,,,
ABS:ABS_REGIONAL_LGA2018(1.0.0),CENSUS_2,LGA2018,10850,A,2011,2.9,PCT,,,
ABS:ABS_REGIONAL_LGA2018(1.0.0),CENSUS_2,LGA2018,10850,A,2016,3.7,PCT,,,
ABS:ABS_REGIONAL_LGA2018(1.0.0),CENSUS_2,LGA2018,10900,A,2011,1.7,PCT,,,
ABS:ABS_REGIONAL_LGA2018(1.0.0),CENSUS_2,LGA2018,10900,A,2016,2.4,PCT,,,
ABS:ABS_REGIONAL_LGA2018(1.0.0),CENSUS_2,LGA2018,10950,A,2011,14.5,PCT,,,
ABS:ABS_REGIONAL_LGA2018(1.0.0),CENSUS_2,LGA2018,10950,A,2016,16.7,PCT,,,
ABS:ABS_REGIONAL_LGA2018(1.0.0),CENSUS_2,LGA2018,11150,A,2011,30.2,PCT,,,
ABS:ABS_REGIONAL_LGA2018(1.0.0),CENSUS_2,LGA2018,11150,A,2016,31.3,PCT,,,
ABS:ABS_REGIONAL_LGA2018(1.0.0),CENSUS_2,LGA2018,11200,A,2011,58.9,PCT,,,
ABS:ABS_REGIONAL_LGA2018(1.0.0),CENSUS_2,LGA2018,11200,A,2016,61.1,PCT,,,
ABS:ABS_REGIONAL_LGA2018(1.0.0),CENSUS_2,LGA2018,11250,A,2011,7.5,PCT,,,
ABS:ABS_REGIONAL_LGA2018(1.0.0),CENSUS_2,LGA2018,11250,A,2016,8.5,PCT,,,
ABS:ABS_REGIONAL_LGA2018(1.0.0),CENSUS_2,LGA2018,11300,A,2011,0.4,PCT,,,
ABS:ABS_REGIONAL_LGA2018(1.0.0),CENSUS_2,LGA2018,11300,A,2016,0.4,PCT,,,
ABS:ABS_REGIONAL_LGA2018(1.0.0),CENSUS_2,LGA2018,11350,A,2011,1.8,PCT,,,
ABS:ABS_REGIONAL_LGA2018(1.0.0),CENSUS_2,LGA2018,11350,A,2016,1.8,PCT,,,
ABS:ABS_REGIONAL_LGA2018(1.0.0),CENSUS_2,LGA2018,11400,A,2011,3.1,PCT,,,
ABS:ABS_REGIONAL_LGA2018(1.0.0),CENSUS_2,LGA2018,11400,A,2016,3.8,PCT,,,
ABS:ABS_REGIONAL_LGA2018(1.0.0),CENSUS_2,LGA2018,11450,A,2011,2,PCT,,,
ABS:ABS_REGIONAL_LGA2018(1.0.0),CENSUS_2,LGA2018,11450,A,2016,2.5,PCT,,,
ABS:ABS_REGIONAL_LGA2018(1.0.0),CENSUS_2,LGA2018,11500,A,2011,3.2,PCT,,,
ABS:ABS_REGIONAL_LGA2018(1.0.0),CENSUS_2,LGA2018,11500,A,2016,3.8,PCT,,,
ABS:ABS_REGIONAL_LGA2018(1.0.0),CENSUS_2,LGA2018,11520,A,2011,0.4,PCT,,,
ABS:ABS_REGIONAL_LGA2018(1.0.0),CENSUS_2,LGA2018,11520,A,2016,0.5,PCT,,,
ABS:ABS_REGIONAL_LGA2018(1.0.0),CENSUS_2,LGA2018,11570,A,2011,0.7,PCT,,,
ABS:ABS_REGIONAL_LGA2018(1.0.0),CENSUS_2,LGA2018,11570,A,2016,0.7,PCT,,,
ABS:ABS_REGIONAL_LGA2018(1.0.0),CENSUS_2,LGA2018,11600,A,2011,6.6,PCT,,,
ABS:ABS_REGIONAL_LGA2018(1.0.0),CENSUS_2,LGA2018,11600,A,2016,8,PCT,,,
ABS:ABS_REGIONAL_LGA2018(1.0.0),CENSUS_2,LGA2018,11650,A,2011,2.9,PCT,,,
ABS:ABS_REGIONAL_LGA2018(1.0.0),CENSUS_2,LGA2018,11650,A,2016,3.8,PCT,,,
ABS:ABS_REGIONAL_LGA2018(1.0.0),CENSUS_2,LGA2018,11700,A,2011,38.1,PCT,,,
ABS:ABS_REGIONAL_LGA2018(1.0.0),CENSUS_2,LGA2018,11700,A,2016,39.6,PCT,,,
ABS:ABS_REGIONAL_LGA2018(1.0.0),CENSUS_2,LGA2018,11720,A,2011,4.8,PCT,,,
ABS:ABS_REGIONAL_LGA2018(1.0.0),CENSUS_2,LGA2018,11720,A,2016,7.2,PCT,,,
ABS:ABS_REGIONAL_LGA2018(1.0.0),CENSUS_2,LGA2018,11730,A,2011,5.7,PCT,,,
ABS:ABS_REGIONAL_LGA2018(1.0.0),CENSUS_2,LGA2018,11730,A,2016,6.3,PCT,,,
ABS:ABS_REGIONAL_LGA2018(1.0.0),CENSUS_2,LGA2018,11750,A,2011,12.9,PCT,,,
ABS:ABS_REGIONAL_LGA2018(1.0.0),CENSUS_2,LGA2018,11750,A,2016,13.6,PCT,,,
ABS:ABS_REGIONAL_LGA2018(1.0.0),CENSUS_2,LGA2018,11800,A,2011,4.1,PCT,,,
ABS:ABS_REGIONAL_LGA2018(1.0.0),CENSUS_2,LGA2018,11800,A,2016,5,PCT,,,
ABS:ABS_REGIONAL_LGA2018(1.0.0),CENSUS_2,LGA2018,12000,A,2011,2.6,PCT,,,
ABS:ABS_REGIONAL_LGA2018(1.0.0),CENSUS_2,LGA2018,12000,A,2016,3.2,PCT,,,
ABS:ABS_REGIONAL_LGA2018(1.0.0),CENSUS_2,LGA2018,12150,A,2011,29.2,PCT,,,
ABS:ABS_REGIONAL_LGA2018(1.0.0),CENSUS_2,LGA2018,12150,A,2016,30.2,PCT,,,
ABS:ABS_REGIONAL_LGA2018(1.0.0),CENSUS_2,LGA2018,12160,A,2011,3.4,PCT,,,
ABS:ABS_REGIONAL_LGA2018(1.0.0),CENSUS_2,LGA2018,12160,A,2016,4.6,PCT,,,
ABS:ABS_REGIONAL_LGA2018(1.0.0),CENSUS_2,LGA2018,12350,A,2011,6.5,PCT,,,
ABS:ABS_REGIONAL_LGA2018(1.0.0),CENSUS_2,LGA2018,12350,A,2016,7.9,PCT,,,
ABS:ABS_REGIONAL_LGA2018(1.0.0),CENSUS_2,LGA2018,12380,A,2011,0.7,PCT,,,
ABS:ABS_REGIONAL_LGA2018(1.0.0),CENSUS_2,LGA2018,12380,A,2016,0.6,PCT,,,
ABS:ABS_REGIONAL_LGA2018(1.0.0),CENSUS_2,LGA2018,12390,A,2011,14.1,PCT,,,
ABS:ABS_REGIONAL_LGA2018(1.0.0),CENSUS_2,LGA2018,12390,A,2016,15.5,PCT,,,
ABS:ABS_REGIONAL_LGA2018(1.0.0),CENSUS_2,LGA2018,12700,A,2011,3.3,PCT,,,
ABS:ABS_REGIONAL_LGA2018(1.0.0),CENSUS_2,LGA2018,12700,A,2016,5,PCT,,,
ABS:ABS_REGIONAL_LGA2018(1.0.0),CENSUS_2,LGA2018,12730,A,2011,3.4,PCT,,,
ABS:ABS_REGIONAL_LGA2018(1.0.0),CENSUS_2,LGA2018,12730,A,2016,4,PCT,,,
ABS:ABS_REGIONAL_LGA2018(1.0.0),CENSUS_2,LGA2018,12750,A,2011,5.1,PCT,,,
ABS:ABS_REGIONAL_LGA2018(1.0.0),CENSUS_2,LGA2018,12750,A,2016,5.6,PCT,,,
ABS:ABS_REGIONAL_LGA2018(1.0.0),CENSUS_2,LGA2018,12850,A,2011,0.7,PCT,,,
ABS:ABS_REGIONAL_LGA2018(1.0.0),CENSUS_2,LGA2018,12850,A,2016,0.7,PCT,,,
ABS:ABS_REGIONAL_LGA2018(1.0.0),CENSUS_2,LGA2018,12870,A,2011,1.5,PCT,,,
ABS:ABS_REGIONAL_LGA2018(1.0.0),CENSUS_2,LGA2018,12870,A,2016,1.7,PCT,,,
ABS:ABS_REGIONAL_LGA2018(1.0.0),CENSUS_2,LGA2018,12900,A,2011,9.6,PCT,,,
ABS:ABS_REGIONAL_LGA2018(1.0.0),CENSUS_2,LGA2018,12900,A,2016,11.1,PCT,,,
ABS:ABS_REGIONAL_LGA2018(1.0.0),CENSUS_2,LGA2018,12930,A,2011,0.5,PCT,,,
ABS:ABS_REGIONAL_LGA2018(1.0.0),CENSUS_2,LGA2018,12930,A,2016,0.5,PCT,,,
ABS:ABS_REGIONAL_LGA2018(1.0.0),CENSUS_2,LGA2018,12950,A,2011,12.2,PCT,,,
ABS:ABS_REGIONAL_LGA2018(1.0.0),CENSUS_2,LGA2018,12950,A,2016,14,PCT,,,
ABS:ABS_REGIONAL_LGA2018(1.0.0),CENSUS_2,LGA2018,13010,A,2011,5.7,PCT,,,
ABS:ABS_REGIONAL_LGA2018(1.0.0),CENSUS_2,LGA2018,13010,A,2016,6,PCT,,,
ABS:ABS_REGIONAL_LGA2018(1.0.0),CENSUS_2,LGA2018,13310,A,2011,2.8,PCT,,,
ABS:ABS_REGIONAL_LGA2018(1.0.0),CENSUS_2,LGA2018,13310,A,2016,4,PCT,,,
ABS:ABS_REGIONAL_LGA2018(1.0.0),CENSUS_2,LGA2018,13340,A,2011,2,PCT,,,
ABS:ABS_REGIONAL_LGA2018(1.0.0),CENSUS_2,LGA2018,13340,A,2016,3.2,PCT,,,
ABS:ABS_REGIONAL_LGA2018(1.0.0),CENSUS_2,LGA2018,13450,A,2011,4.1,PCT,,,
ABS:ABS_REGIONAL_LGA2018(1.0.0),CENSUS_2,LGA2018,13450,A,2016,4.8,PCT,,,
ABS:ABS_REGIONAL_LGA2018(1.0.0),CENSUS_2,LGA2018,13550,A,2011,11.2,PCT,,,
ABS:ABS_REGIONAL_LGA2018(1.0.0),CENSUS_2,LGA2018,13550,A,2016,12.8,PCT,,,
ABS:ABS_REGIONAL_LGA2018(1.0.0),CENSUS_2,LGA2018,13660,A,2011,3.8,PCT,,,
ABS:ABS_REGIONAL_LGA2018(1.0.0),CENSUS_2,LGA2018,13660,A,2016,5.8,PCT,,,
ABS:ABS_REGIONAL_LGA2018(1.0.0),CENSUS_2,LGA2018,13800,A,2011,2.6,PCT,,,
ABS:ABS_REGIONAL_LGA2018(1.0.0),CENSUS_2,LGA2018,13800,A,2016,3.7,PCT,,,
ABS:ABS_REGIONAL_LGA2018(1.0.0),CENSUS_2,LGA2018,13850,A,2011,5.4,PCT,,,
ABS:ABS_REGIONAL_LGA2018(1.0.0),CENSUS_2,LGA2018,13850,A,2016,6,PCT,,,
ABS:ABS_REGIONAL_LGA2018(1.0.0),CENSUS_2,LGA2018,13910,A,2011,3.2,PCT,,,
ABS:ABS_REGIONAL_LGA2018(1.0.0),CENSUS_2,LGA2018,13910,A,2016,4.4,PCT,,,
ABS:ABS_REGIONAL_LGA2018(1.0.0),CENSUS_2,LGA2018,14000,A,2011,0.4,PCT,,,
ABS:ABS_REGIONAL_LGA2018(1.0.0),CENSUS_2,LGA2018,14000,A,2016,0.5,PCT,,,
ABS:ABS_REGIONAL_LGA2018(1.0.0),CENSUS_2,LGA2018,14100,A,2011,0.4,PCT,,,
ABS:ABS_REGIONAL_LGA2018(1.0.0),CENSUS_2,LGA2018,14100,A,2016,0.6,PCT,,,
ABS:ABS_REGIONAL_LGA2018(1.0.0),CENSUS_2,LGA2018,14170,A,2011,1.1,PCT,,,
ABS:ABS_REGIONAL_LGA2018(1.0.0),CENSUS_2,LGA2018,14170,A,2016,1.1,PCT,,,
ABS:ABS_REGIONAL_LGA2018(1.0.0),CENSUS_2,LGA2018,14200,A,2011,6.6,PCT,,,
ABS:ABS_REGIONAL_LGA2018(1.0.0),CENSUS_2,LGA2018,14200,A,2016,8.5,PCT,,,
ABS:ABS_REGIONAL_LGA2018(1.0.0),CENSUS_2,LGA2018,14300,A,2011,6.8,PCT,,,
ABS:ABS_REGIONAL_LGA2018(1.0.0),CENSUS_2,LGA2018,14300,A,2016,7.8,PCT,,,
ABS:ABS_REGIONAL_LGA2018(1.0.0),CENSUS_2,LGA2018,14350,A,2011,11.1,PCT,,,
ABS:ABS_REGIONAL_LGA2018(1.0.0),CENSUS_2,LGA2018,14350,A,2016,11.6,PCT,,,
ABS:ABS_REGIONAL_LGA2018(1.0.0),CENSUS_2,LGA2018,14400,A,2011,1.4,PCT,,,
ABS:ABS_REGIONAL_LGA2018(1.0.0),CENSUS_2,LGA2018,14400,A,2016,1.8,PCT,,,
ABS:ABS_REGIONAL_LGA2018(1.0.0),CENSUS_2,LGA2018,14500,A,2011,0.1,PCT,,,
ABS:ABS_REGIONAL_LGA2018(1.0.0),CENSUS_2,LGA2018,14500,A,2016,0.2,PCT,,,
ABS:ABS_REGIONAL_LGA2018(1.0.0),CENSUS_2,LGA2018,14550,A,2011,5.3,PCT,,,
ABS:ABS_REGIONAL_LGA2018(1.0.0),CENSUS_2,LGA2018,14550,A,2016,4.2,PCT,,,
ABS:ABS_REGIONAL_LGA2018(1.0.0),CENSUS_2,LGA2018,14600,A,2011,16.4,PCT,,,
ABS:ABS_REGIONAL_LGA2018(1.0.0),CENSUS_2,LGA2018,14600,A,2016,17.6,PCT,,,
ABS:ABS_REGIONAL_LGA2018(1.0.0),CENSUS_2,LGA2018,14650,A,2011,3,PCT,,,
ABS:ABS_REGIONAL_LGA2018(1.0.0),CENSUS_2,LGA2018,14650,A,2016,4.1,PCT,,,
ABS:ABS_REGIONAL_LGA2018(1.0.0),CENSUS_2,LGA2018,14700,A,2011,0.3,PCT,,,
ABS:ABS_REGIONAL_LGA2018(1.0.0),CENSUS_2,LGA2018,14700,A,2016,0.3,PCT,,,
ABS:ABS_REGIONAL_LGA2018(1.0.0),CENSUS_2,LGA2018,14750,A,2011,5.9,PCT,,,
ABS:ABS_REGIONAL_LGA2018(1.0.0),CENSUS_2,LGA2018,14750,A,2016,5.7,PCT,,,
ABS:ABS_REGIONAL_LGA2018(1.0.0),CENSUS_2,LGA2018,14850,A,2011,4.5,PCT,,,
ABS:ABS_REGIONAL_LGA2018(1.0.0),CENSUS_2,LGA2018,14850,A,2016,5,PCT,,,
ABS:ABS_REGIONAL_LGA2018(1.0.0),CENSUS_2,LGA2018,14870,A,2011,4.5,PCT,,,
ABS:ABS_REGIONAL_LGA2018(1.0.0),CENSUS_2,LGA2018,14870,A,2016,5.7,PCT,,,
ABS:ABS_REGIONAL_LGA2018(1.0.0),CENSUS_2,LGA2018,14900,A,2011,1.5,PCT,,,
ABS:ABS_REGIONAL_LGA2018(1.0.0),CENSUS_2,LGA2018,14900,A,2016,1.5,PCT,,,
ABS:ABS_REGIONAL_LGA2018(1.0.0),CENSUS_2,LGA2018,14920,A,2011,10.9,PCT,,,
ABS:ABS_REGIONAL_LGA2018(1.0.0),CENSUS_2,LGA2018,14920,A,2016,12.5,PCT,,,
ABS:ABS_REGIONAL_LGA2018(1.0.0),CENSUS_2,LGA2018,14950,A,2011,2.5,PCT,,,
ABS:ABS_REGIONAL_LGA2018(1.0.0),CENSUS_2,LGA2018,14950,A,2016,3.5,PCT,,,
ABS:ABS_REGIONAL_LGA2018(1.0.0),CENSUS_2,LGA2018,15050,A,2011,3.5,PCT,,,
ABS:ABS_REGIONAL_LGA2018(1.0.0),CENSUS_2,LGA2018,15050,A,2016,5.3,PCT,,,
ABS:ABS_REGIONAL_LGA2018(1.0.0),CENSUS_2,LGA2018,15240,A,2011,4.7,PCT,,,
ABS:ABS_REGIONAL_LGA2018(1.0.0),CENSUS_2,LGA2018,15240,A,2016,6.2,PCT,,,
ABS:ABS_REGIONAL_LGA2018(1.0.0),CENSUS_2,LGA2018,15270,A,2011,3.9,PCT,,,
ABS:ABS_REGIONAL_LGA2018(1.0.0),CENSUS_2,LGA2018,15270,A,2016,5.4,PCT,,,
ABS:ABS_REGIONAL_LGA2018(1.0.0),CENSUS_2,LGA2018,15300,A,2011,20.8,PCT,,,
ABS:ABS_REGIONAL_LGA2018(1.0.0),CENSUS_2,LGA2018,15300,A,2016,21.6,PCT,,,
ABS:ABS_REGIONAL_LGA2018(1.0.0),CENSUS_2,LGA2018,15350,A,2011,0.1,PCT,,,
ABS:ABS_REGIONAL_LGA2018(1.0.0),CENSUS_2,LGA2018,15350,A,2016,0.2,PCT,,,
ABS:ABS_REGIONAL_LGA2018(1.0.0),CENSUS_2,LGA2018,15520,A,2011,3,PCT,,,
ABS:ABS_REGIONAL_LGA2018(1.0.0),CENSUS_2,LGA2018,15520,A,2016,3.2,PCT,,,
ABS:ABS_REGIONAL_LGA2018(1.0.0),CENSUS_2,LGA2018,15560,A,2011,7.2,PCT,,,
ABS:ABS_REGIONAL_LGA2018(1.0.0),CENSUS_2,LGA2018,15560,A,2016,7.5,PCT,,,
ABS:ABS_REGIONAL_LGA2018(1.0.0),CENSUS_2,LGA2018,15650,A,2011,5.3,PCT,,,
ABS:ABS_REGIONAL_LGA2018(1.0.0),CENSUS_2,LGA2018,15650,A,2016,8.3,PCT,,,
ABS:ABS_REGIONAL_LGA2018(1.0.0),CENSUS_2,LGA2018,15700,A,2011,7.3,PCT,,,
ABS:ABS_REGIONAL_LGA2018(1.0.0),CENSUS_2,LGA2018,15700,A,2016,7.6,PCT,,,
ABS:ABS_REGIONAL_LGA2018(1.0.0),CENSUS_2,LGA2018,15750,A,2011,10.8,PCT,,,
ABS:ABS_REGIONAL_LGA2018(1.0.0),CENSUS_2,LGA2018,15750,A,2016,12.2,PCT,,,
ABS:ABS_REGIONAL_LGA2018(1.0.0),CENSUS_2,LGA2018,15800,A,2011,10.1,PCT,,,
ABS:ABS_REGIONAL_LGA2018(1.0.0),CENSUS_2,LGA2018,15800,A,2016,9.7,PCT,,,
ABS:ABS_REGIONAL_LGA2018(1.0.0),CENSUS_2,LGA2018,15850,A,2011,19.6,PCT,,,
ABS:ABS_REGIONAL_LGA2018(1.0.0),CENSUS_2,LGA2018,15850,A,2016,20,PCT,,,
ABS:ABS_REGIONAL_LGA2018(1.0.0),CENSUS_2,LGA2018,15900,A,2011,2.6,PCT,,,
ABS:ABS_REGIONAL_LGA2018(1.0.0),CENSUS_2,LGA2018,15900,A,2016,3.5,PCT,,,
ABS:ABS_REGIONAL_LGA2018(1.0.0),CENSUS_2,LGA2018,15950,A,2011,0.2,PCT,,,
ABS:ABS_REGIONAL_LGA2018(1.0.0),CENSUS_2,LGA2018,15950,A,2016,0.3,PCT,,,
ABS:ABS_REGIONAL_LGA2018(1.0.0),CENSUS_2,LGA2018,15990,A,2011,0.4,PCT,,,
ABS:ABS_REGIONAL_LGA2018(1.0.0),CENSUS_2,LGA2018,15990,A,2016,0.6,PCT,,,
ABS:ABS_REGIONAL_LGA2018(1.0.0),CENSUS_2,LGA2018,16100,A,2011,3.2,PCT,,,
ABS:ABS_REGIONAL_LGA2018(1.0.0),CENSUS_2,LGA2018,16100,A,2016,3.3,PCT,,,
ABS:ABS_REGIONAL_LGA2018(1.0.0),CENSUS_2,LGA2018,16150,A,2011,5.4,PCT,,,
ABS:ABS_REGIONAL_LGA2018(1.0.0),CENSUS_2,LGA2018,16150,A,2016,6.3,PCT,,,
ABS:ABS_REGIONAL_LGA2018(1.0.0),CENSUS_2,LGA2018,16200,A,2011,8.3,PCT,,,
ABS:ABS_REGIONAL_LGA2018(1.0.0),CENSUS_2,LGA2018,16200,A,2016,10.1,PCT,,,
ABS:ABS_REGIONAL_LGA2018(1.0.0),CENSUS_2,LGA2018,16260,A,2011,0.8,PCT,,,
ABS:ABS_REGIONAL_LGA2018(1.0.0),CENSUS_2,LGA2018,16260,A,2016,0.8,PCT,,,
ABS:ABS_REGIONAL_LGA2018(1.0.0),CENSUS_2,LGA2018,16350,A,2011,3,PCT,,,
ABS:ABS_REGIONAL_LGA2018(1.0.0),CENSUS_2,LGA2018,16350,A,2016,4,PCT,,,
ABS:ABS_REGIONAL_LGA2018(1.0.0),CENSUS_2,LGA2018,16380,A,2011,3.3,PCT,,,
ABS:ABS_REGIONAL_LGA2018(1.0.0),CENSUS_2,LGA2018,16380,A,2016,4,PCT,,,
ABS:ABS_REGIONAL_LGA2018(1.0.0),CENSUS_2,LGA2018,16400,A,2011,3.6,PCT,,,
ABS:ABS_REGIONAL_LGA2018(1.0.0),CENSUS_2,LGA2018,16400,A,2016,4.8,PCT,,,
ABS:ABS_REGIONAL_LGA2018(1.0.0),CENSUS_2,LGA2018,16490,A,2011,2.6,PCT,,,
ABS:ABS_REGIONAL_LGA2018(1.0.0),CENSUS_2,LGA2018,16490,A,2016,3.1,PCT,,,
ABS:ABS_REGIONAL_LGA2018(1.0.0),CENSUS_2,LGA2018,16550,A,2011,1.4,PCT,,,
ABS:ABS_REGIONAL_LGA2018(1.0.0),CENSUS_2,LGA2018,16550,A,2016,1.5,PCT,,,
ABS:ABS_REGIONAL_LGA2018(1.0.0),CENSUS_2,LGA2018,16610,A,2011,6.6,PCT,,,
ABS:ABS_REGIONAL_LGA2018(1.0.0),CENSUS_2,LGA2018,16610,A,2016,7.2,PCT,,,
ABS:ABS_REGIONAL_LGA2018(1.0.0),CENSUS_2,LGA2018,16700,A,2011,0.3,PCT,,,
ABS:ABS_REGIONAL_LGA2018(1.0.0),CENSUS_2,LGA2018,16700,A,2016,0.4,PCT,,,
ABS:ABS_REGIONAL_LGA2018(1.0.0),CENSUS_2,LGA2018,16900,A,2011,3,PCT,,,
ABS:ABS_REGIONAL_LGA2018(1.0.0),CENSUS_2,LGA2018,16900,A,2016,3.8,PCT,,,
ABS:ABS_REGIONAL_LGA2018(1.0.0),CENSUS_2,LGA2018,16950,A,2011,4.7,PCT,,,
ABS:ABS_REGIONAL_LGA2018(1.0.0),CENSUS_2,LGA2018,16950,A,2016,5.5,PCT,,,
ABS:ABS_REGIONAL_LGA2018(1.0.0),CENSUS_2,LGA2018,17000,A,2011,3.7,PCT,,,
ABS:ABS_REGIONAL_LGA2018(1.0.0),CENSUS_2,LGA2018,17000,A,2016,5.7,PCT,,,
ABS:ABS_REGIONAL_LGA2018(1.0.0),CENSUS_2,LGA2018,17040,A,2011,2,PCT,,,
ABS:ABS_REGIONAL_LGA2018(1.0.0),CENSUS_2,LGA2018,17040,A,2016,2.2,PCT,,,
ABS:ABS_REGIONAL_LGA2018(1.0.0),CENSUS_2,LGA2018,17080,A,2011,4,PCT,,,
ABS:ABS_REGIONAL_LGA2018(1.0.0),CENSUS_2,LGA2018,17080,A,2016,4.4,PCT,,,
ABS:ABS_REGIONAL_LGA2018(1.0.0),CENSUS_2,LGA2018,17100,A,2011,0.3,PCT,,,
ABS:ABS_REGIONAL_LGA2018(1.0.0),CENSUS_2,LGA2018,17100,A,2016,0.3,PCT,,,
ABS:ABS_REGIONAL_LGA2018(1.0.0),CENSUS_2,LGA2018,17150,A,2011,0.8,PCT,,,
ABS:ABS_REGIONAL_LGA2018(1.0.0),CENSUS_2,LGA2018,17150,A,2016,1.1,PCT,,,
ABS:ABS_REGIONAL_LGA2018(1.0.0),CENSUS_2,LGA2018,17200,A,2011,1.3,PCT,,,
ABS:ABS_REGIONAL_LGA2018(1.0.0),CENSUS_2,LGA2018,17200,A,2016,1.2,PCT,,,
ABS:ABS_REGIONAL_LGA2018(1.0.0),CENSUS_2,LGA2018,17310,A,2011,8.4,PCT,,,
ABS:ABS_REGIONAL_LGA2018(1.0.0),CENSUS_2,LGA2018,17310,A,2016,10.1,PCT,,,
ABS:ABS_REGIONAL_LGA2018(1.0.0),CENSUS_2,LGA2018,17350,A,2011,1.7,PCT,,,
ABS:ABS_REGIONAL_LGA2018(1.0.0),CENSUS_2,LGA2018,17350,A,2016,2.4,PCT,,,
ABS:ABS_REGIONAL_LGA2018(1.0.0),CENSUS_2,LGA2018,17400,A,2011,6.8,PCT,,,
ABS:ABS_REGIONAL_LGA2018(1.0.0),CENSUS_2,LGA2018,17400,A,2016,6,PCT,,,
ABS:ABS_REGIONAL_LGA2018(1.0.0),CENSUS_2,LGA2018,17420,A,2011,0.4,PCT,,,
ABS:ABS_REGIONAL_LGA2018(1.0.0),CENSUS_2,LGA2018,17420,A,2016,0.5,PCT,,,
ABS:ABS_REGIONAL_LGA2018(1.0.0),CENSUS_2,LGA2018,17550,A,2011,3.5,PCT,,,
ABS:ABS_REGIONAL_LGA2018(1.0.0),CENSUS_2,LGA2018,17550,A,2016,4,PCT,,,
ABS:ABS_REGIONAL_LGA2018(1.0.0),CENSUS_2,LGA2018,17620,A,2011,3.9,PCT,,,
ABS:ABS_REGIONAL_LGA2018(1.0.0),CENSUS_2,LGA2018,17620,A,2016,5.1,PCT,,,
ABS:ABS_REGIONAL_LGA2018(1.0.0),CENSUS_2,LGA2018,17640,A,2011,1.7,PCT,,,
ABS:ABS_REGIONAL_LGA2018(1.0.0),CENSUS_2,LGA2018,17640,A,2016,2.3,PCT,,,
ABS:ABS_REGIONAL_LGA2018(1.0.0),CENSUS_2,LGA2018,17650,A,2011,5.9,PCT,,,
ABS:ABS_REGIONAL_LGA2018(1.0.0),CENSUS_2,LGA2018,17650,A,2016,6.9,PCT,,,
ABS:ABS_REGIONAL_LGA2018(1.0.0),CENSUS_2,LGA2018,17750,A,2011,4.6,PCT,,,
ABS:ABS_REGIONAL_LGA2018(1.0.0),CENSUS_2,LGA2018,17750,A,2016,5.6,PCT,,,
ABS:ABS_REGIONAL_LGA2018(1.0.0),CENSUS_2,LGA2018,17850,A,2011,7.4,PCT,,,
ABS:ABS_REGIONAL_LGA2018(1.0.0),CENSUS_2,LGA2018,17850,A,2016,5.9,PCT,,,
ABS:ABS_REGIONAL_LGA2018(1.0.0),CENSUS_2,LGA2018,17900,A,2011,28,PCT,,,
ABS:ABS_REGIONAL_LGA2018(1.0.0),CENSUS_2,LGA2018,17900,A,2016,29.4,PCT,,,
ABS:ABS_REGIONAL_LGA2018(1.0.0),CENSUS_2,LGA2018,17950,A,2011,13.3,PCT,,,
ABS:ABS_REGIONAL_LGA2018(1.0.0),CENSUS_2,LGA2018,17950,A,2016,14.7,PCT,,,
ABS:ABS_REGIONAL_LGA2018(1.0.0),CENSUS_2,LGA2018,18020,A,2011,9.3,PCT,,,
ABS:ABS_REGIONAL_LGA2018(1.0.0),CENSUS_2,LGA2018,18020,A,2016,9.8,PCT,,,
ABS:ABS_REGIONAL_LGA2018(1.0.0),CENSUS_2,LGA2018,18050,A,2011,0.4,PCT,,,
ABS:ABS_REGIONAL_LGA2018(1.0.0),CENSUS_2,LGA2018,18050,A,2016,0.4,PCT,,,
ABS:ABS_REGIONAL_LGA2018(1.0.0),CENSUS_2,LGA2018,18100,A,2011,1.8,PCT,,,
ABS:ABS_REGIONAL_LGA2018(1.0.0),CENSUS_2,LGA2018,18100,A,2016,2.9,PCT,,,
ABS:ABS_REGIONAL_LGA2018(1.0.0),CENSUS_2,LGA2018,18200,A,2011,10.3,PCT,,,
ABS:ABS_REGIONAL_LGA2018(1.0.0),CENSUS_2,LGA2018,18200,A,2016,9.6,PCT,,,
ABS:ABS_REGIONAL_LGA2018(1.0.0),CENSUS_2,LGA2018,18250,A,2011,0.2,PCT,,,
ABS:ABS_REGIONAL_LGA2018(1.0.0),CENSUS_2,LGA2018,18250,A,2016,0.2,PCT,,,
ABS:ABS_REGIONAL_LGA2018(1.0.0),CENSUS_2,LGA2018,18350,A,2011,1.8,PCT,,,
ABS:ABS_REGIONAL_LGA2018(1.0.0),CENSUS_2,LGA2018,18350,A,2016,2,PCT,,,
ABS:ABS_REGIONAL_LGA2018(1.0.0),CENSUS_2,LGA2018,18400,A,2011,2.4,PCT,,,
ABS:ABS_REGIONAL_LGA2018(1.0.0),CENSUS_2,LGA2018,18400,A,2016,3.2,PCT,,,
ABS:ABS_REGIONAL_LGA2018(1.0.0),CENSUS_2,LGA2018,18450,A,2011,2.2,PCT,,,
ABS:ABS_REGIONAL_LGA2018(1.0.0),CENSUS_2,LGA2018,18450,A,2016,2.6,PCT,,,
ABS:ABS_REGIONAL_LGA2018(1.0.0),CENSUS_2,LGA2018,18500,A,2011,0.2,PCT,,,
ABS:ABS_REGIONAL_LGA2018(1.0.0),CENSUS_2,LGA2018,18500,A,2016,0.3,PCT,,,
ABS:ABS_REGIONAL_LGA2018(1.0.0),CENSUS_2,LGA2018,18710,A,2011,2,PCT,,,
ABS:ABS_REGIONAL_LGA2018(1.0.0),CENSUS_2,LGA2018,18710,A,2016,2.4,PCT,,,
ABS:ABS_REGIONAL_LGA2018(1.0.0),CENSUS_2,LGA2018,19399,A,2011,3.8,PCT,,,
ABS:ABS_REGIONAL_LGA2018(1.0.0),CENSUS_2,LGA2018,19399,A,2016,3.4,PCT,,,
ABS:ABS_REGIONAL_LGA2018(1.0.0),CENSUS_2,LGA2018,19499,A,2016,6.8,PCT,,,
ABS:ABS_REGIONAL_LGA2018(1.0.0),CENSUS_2,LGA2018,19799,A,2016,2.4,PCT,,,
ABS:ABS_REGIONAL_LGA2018(1.0.0),CENSUS_2,LGA2018,20110,A,2011,0.7,PCT,,,
ABS:ABS_REGIONAL_LGA2018(1.0.0),CENSUS_2,LGA2018,20110,A,2016,0.8,PCT,,,
ABS:ABS_REGIONAL_LGA2018(1.0.0),CENSUS_2,LGA2018,20260,A,2011,1,PCT,,,
ABS:ABS_REGIONAL_LGA2018(1.0.0),CENSUS_2,LGA2018,20260,A,2016,1.5,PCT,,,
ABS:ABS_REGIONAL_LGA2018(1.0.0),CENSUS_2,LGA2018,20570,A,2011,1.2,PCT,,,
ABS:ABS_REGIONAL_LGA2018(1.0.0),CENSUS_2,LGA2018,20570,A,2016,1.5,PCT,,,
ABS:ABS_REGIONAL_LGA2018(1.0.0),CENSUS_2,LGA2018,20660,A,2011,0.5,PCT,,,
ABS:ABS_REGIONAL_LGA2018(1.0.0),CENSUS_2,LGA2018,20660,A,2016,0.6,PCT,,,
ABS:ABS_REGIONAL_LGA2018(1.0.0),CENSUS_2,LGA2018,20740,A,2011,0.7,PCT,,,
ABS:ABS_REGIONAL_LGA2018(1.0.0),CENSUS_2,LGA2018,20740,A,2016,0.9,PCT,,,
ABS:ABS_REGIONAL_LGA2018(1.0.0),CENSUS_2,LGA2018,20830,A,2011,1,PCT,,,
ABS:ABS_REGIONAL_LGA2018(1.0.0),CENSUS_2,LGA2018,20830,A,2016,1,PCT,,,
ABS:ABS_REGIONAL_LGA2018(1.0.0),CENSUS_2,LGA2018,20910,A,2011,0.2,PCT,,,
ABS:ABS_REGIONAL_LGA2018(1.0.0),CENSUS_2,LGA2018,20910,A,2016,0.2,PCT,,,
ABS:ABS_REGIONAL_LGA2018(1.0.0),CENSUS_2,LGA2018,21010,A,2011,1.2,PCT,,,
ABS:ABS_REGIONAL_LGA2018(1.0.0),CENSUS_2,LGA2018,21010,A,2016,1.6,PCT,,,
ABS:ABS_REGIONAL_LGA2018(1.0.0),CENSUS_2,LGA2018,21110,A,2011,0.1,PCT,,,
ABS:ABS_REGIONAL_LGA2018(1.0.0),CENSUS_2,LGA2018,21110,A,2016,0.2,PCT,,,
ABS:ABS_REGIONAL_LGA2018(1.0.0),CENSUS_2,LGA2018,21180,A,2011,0.4,PCT,,,
ABS:ABS_REGIONAL_LGA2018(1.0.0),CENSUS_2,LGA2018,21180,A,2016,0.4,PCT,,,
ABS:ABS_REGIONAL_LGA2018(1.0.0),CENSUS_2,LGA2018,21270,A,2011,0.6,PCT,,,
ABS:ABS_REGIONAL_LGA2018(1.0.0),CENSUS_2,LGA2018,21270,A,2016,1.1,PCT,,,
ABS:ABS_REGIONAL_LGA2018(1.0.0),CENSUS_2,LGA2018,21370,A,2011,2.3,PCT,,,
ABS:ABS_REGIONAL_LGA2018(1.0.0),CENSUS_2,LGA2018,21370,A,2016,2.4,PCT,,,
ABS:ABS_REGIONAL_LGA2018(1.0.0),CENSUS_2,LGA2018,21450,A,2011,0.6,PCT,,,
ABS:ABS_REGIONAL_LGA2018(1.0.0),CENSUS_2,LGA2018,21450,A,2016,0.8,PCT,,,
ABS:ABS_REGIONAL_LGA2018(1.0.0),CENSUS_2,LGA2018,21610,A,2011,0.6,PCT,,,
ABS:ABS_REGIONAL_LGA2018(1.0.0),CENSUS_2,LGA2018,21610,A,2016,0.5,PCT,,,
ABS:ABS_REGIONAL_LGA2018(1.0.0),CENSUS_2,LGA2018,21670,A,2011,1.1,PCT,,,
ABS:ABS_REGIONAL_LGA2018(1.0.0),CENSUS_2,LGA2018,21670,A,2016,1.5,PCT,,,
ABS:ABS_REGIONAL_LGA2018(1.0.0),CENSUS_2,LGA2018,21750,A,2011,0.9,PCT,,,
ABS:ABS_REGIONAL_LGA2018(1.0.0),CENSUS_2,LGA2018,21750,A,2016,1.2,PCT,,,
ABS:ABS_REGIONAL_LGA2018(1.0.0),CENSUS_2,LGA2018,21830,A,2011,0.7,PCT,,,
ABS:ABS_REGIONAL_LGA2018(1.0.0),CENSUS_2,LGA2018,21830,A,2016,1,PCT,,,
ABS:ABS_REGIONAL_LGA2018(1.0.0),CENSUS_2,LGA2018,21890,A,2011,0.8,PCT,,,
ABS:ABS_REGIONAL_LGA2018(1.0.0),CENSUS_2,LGA2018,21890,A,2016,0.8,PCT,,,
ABS:ABS_REGIONAL_LGA2018(1.0.0),CENSUS_2,LGA2018,22110,A,2011,3.2,PCT,,,
ABS:ABS_REGIONAL_LGA2018(1.0.0),CENSUS_2,LGA2018,22110,A,2016,2.9,PCT,,,
ABS:ABS_REGIONAL_LGA2018(1.0.0),CENSUS_2,LGA2018,22170,A,2011,0.8,PCT,,,
ABS:ABS_REGIONAL_LGA2018(1.0.0),CENSUS_2,LGA2018,22170,A,2016,1,PCT,,,
ABS:ABS_REGIONAL_LGA2018(1.0.0),CENSUS_2,LGA2018,22250,A,2011,1.6,PCT,,,
ABS:ABS_REGIONAL_LGA2018(1.0.0),CENSUS_2,LGA2018,22250,A,2016,1.9,PCT,,,
ABS:ABS_REGIONAL_LGA2018(1.0.0),CENSUS_2,LGA2018,22310,A,2011,0.2,PCT,,,
ABS:ABS_REGIONAL_LGA2018(1.0.0),CENSUS_2,LGA2018,22310,A,2016,0.2,PCT,,,
ABS:ABS_REGIONAL_LGA2018(1.0.0),CENSUS_2,LGA2018,22410,A,2011,2.1,PCT,,,
ABS:ABS_REGIONAL_LGA2018(1.0.0),CENSUS_2,LGA2018,22410,A,2016,2.4,PCT,,,
ABS:ABS_REGIONAL_LGA2018(1.0.0),CENSUS_2,LGA2018,22490,A,2011,0.7,PCT,,,
ABS:ABS_REGIONAL_LGA2018(1.0.0),CENSUS_2,LGA2018,22490,A,2016,1,PCT,,,
ABS:ABS_REGIONAL_LGA2018(1.0.0),CENSUS_2,LGA2018,22620,A,2011,1.4,PCT,,,
ABS:ABS_REGIONAL_LGA2018(1.0.0),CENSUS_2,LGA2018,22620,A,2016,1.7,PCT,,,
ABS:ABS_REGIONAL_LGA2018(1.0.0),CENSUS_2,LGA2018,22670,A,2011,0.4,PCT,,,
ABS:ABS_REGIONAL_LGA2018(1.0.0),CENSUS_2,LGA2018,22670,A,2016,0.3,PCT,,,
ABS:ABS_REGIONAL_LGA2018(1.0.0),CENSUS_2,LGA2018,22750,A,2011,0.8,PCT,,,
ABS:ABS_REGIONAL_LGA2018(1.0.0),CENSUS_2,LGA2018,22750,A,2016,1,PCT,,,
ABS:ABS_REGIONAL_LGA2018(1.0.0),CENSUS_2,LGA2018,22830,A,2011,3.4,PCT,,,
ABS:ABS_REGIONAL_LGA2018(1.0.0),CENSUS_2,LGA2018,22830,A,2016,3.4,PCT,,,
ABS:ABS_REGIONAL_LGA2018(1.0.0),CENSUS_2,LGA2018,22910,A,2011,0.6,PCT,,,
ABS:ABS_REGIONAL_LGA2018(1.0.0),CENSUS_2,LGA2018,22910,A,2016,1,PCT,,,
ABS:ABS_REGIONAL_LGA2018(1.0.0),CENSUS_2,LGA2018,22980,A,2011,1.6,PCT,,,
ABS:ABS_REGIONAL_LGA2018(1.0.0),CENSUS_2,LGA2018,22980,A,2016,1.4,PCT,,,
ABS:ABS_REGIONAL_LGA2018(1.0.0),CENSUS_2,LGA2018,23110,A,2011,0.5,PCT,,,
ABS:ABS_REGIONAL_LGA2018(1.0.0),CENSUS_2,LGA2018,23110,A,2016,0.6,PCT,,,
ABS:ABS_REGIONAL_LGA2018(1.0.0),CENSUS_2,LGA2018,23190,A,2011,1.5,PCT,,,
ABS:ABS_REGIONAL_LGA2018(1.0.0),CENSUS_2,LGA2018,23190,A,2016,1.5,PCT,,,
ABS:ABS_REGIONAL_LGA2018(1.0.0),CENSUS_2,LGA2018,23270,A,2011,0.6,PCT,,,
ABS:ABS_REGIONAL_LGA2018(1.0.0),CENSUS_2,LGA2018,23270,A,2016,0.7,PCT,,,
ABS:ABS_REGIONAL_LGA2018(1.0.0),CENSUS_2,LGA2018,23350,A,2011,0.9,PCT,,,
ABS:ABS_REGIONAL_LGA2018(1.0.0),CENSUS_2,LGA2018,23350,A,2016,1.3,PCT,,,
ABS:ABS_REGIONAL_LGA2018(1.0.0),CENSUS_2,LGA2018,23430,A,2011,0.3,PCT,,,
ABS:ABS_REGIONAL_LGA2018(1.0.0),CENSUS_2,LGA2018,23430,A,2016,0.4,PCT,,,
ABS:ABS_REGIONAL_LGA2018(1.0.0),CENSUS_2,LGA2018,23670,A,2011,0.4,PCT,,,
ABS:ABS_REGIONAL_LGA2018(1.0.0),CENSUS_2,LGA2018,23670,A,2016,0.5,PCT,,,
ABS:ABS_REGIONAL_LGA2018(1.0.0),CENSUS_2,LGA2018,23810,A,2011,1.5,PCT,,,
ABS:ABS_REGIONAL_LGA2018(1.0.0),CENSUS_2,LGA2018,23810,A,2016,1.6,PCT,,,
ABS:ABS_REGIONAL_LGA2018(1.0.0),CENSUS_2,LGA2018,23940,A,2011,1.3,PCT,,,
ABS:ABS_REGIONAL_LGA2018(1.0.0),CENSUS_2,LGA2018,23940,A,2016,1.5,PCT,,,
ABS:ABS_REGIONAL_LGA2018(1.0.0),CENSUS_2,LGA2018,24130,A,2011,0.5,PCT,,,
ABS:ABS_REGIONAL_LGA2018(1.0.0),CENSUS_2,LGA2018,24130,A,2016,0.6,PCT,,,
ABS:ABS_REGIONAL_LGA2018(1.0.0),CENSUS_2,LGA2018,24210,A,2011,0.1,PCT,,,
ABS:ABS_REGIONAL_LGA2018(1.0.0),CENSUS_2,LGA2018,24210,A,2016,0.2,PCT,,,
ABS:ABS_REGIONAL_LGA2018(1.0.0),CENSUS_2,LGA2018,24250,A,2011,0.7,PCT,,,
ABS:ABS_REGIONAL_LGA2018(1.0.0),CENSUS_2,LGA2018,24250,A,2016,0.7,PCT,,,
ABS:ABS_REGIONAL_LGA2018(1.0.0),CENSUS_2,LGA2018,24330,A,2011,0.5,PCT,,,
ABS:ABS_REGIONAL_LGA2018(1.0.0),CENSUS_2,LGA2018,24330,A,2016,0.5,PCT,,,
ABS:ABS_REGIONAL_LGA2018(1.0.0),CENSUS_2,LGA2018,24410,A,2011,0.4,PCT,,,
ABS:ABS_REGIONAL_LGA2018(1.0.0),CENSUS_2,LGA2018,24410,A,2016,0.5,PCT,,,
ABS:ABS_REGIONAL_LGA2018(1.0.0),CENSUS_2,LGA2018,24600,A,2011,0.3,PCT,,,
ABS:ABS_REGIONAL_LGA2018(1.0.0),CENSUS_2,LGA2018,24600,A,2016,0.3,PCT,,,
ABS:ABS_REGIONAL_LGA2018(1.0.0),CENSUS_2,LGA2018,24650,A,2011,0.7,PCT,,,
ABS:ABS_REGIONAL_LGA2018(1.0.0),CENSUS_2,LGA2018,24650,A,2016,0.9,PCT,,,
ABS:ABS_REGIONAL_LGA2018(1.0.0),CENSUS_2,LGA2018,24780,A,2011,3.6,PCT,,,
ABS:ABS_REGIONAL_LGA2018(1.0.0),CENSUS_2,LGA2018,24780,A,2016,3.8,PCT,,,
ABS:ABS_REGIONAL_LGA2018(1.0.0),CENSUS_2,LGA2018,24850,A,2011,1.2,PCT,,,
ABS:ABS_REGIONAL_LGA2018(1.0.0),CENSUS_2,LGA2018,24850,A,2016,1.6,PCT,,,
ABS:ABS_REGIONAL_LGA2018(1.0.0),CENSUS_2,LGA2018,24900,A,2011,1.4,PCT,,,
ABS:ABS_REGIONAL_LGA2018(1.0.0),CENSUS_2,LGA2018,24900,A,2016,1.7,PCT,,,
ABS:ABS_REGIONAL_LGA2018(1.0.0),CENSUS_2,LGA2018,24970,A,2011,0.2,PCT,,,
ABS:ABS_REGIONAL_LGA2018(1.0.0),CENSUS_2,LGA2018,24970,A,2016,0.2,PCT,,,
ABS:ABS_REGIONAL_LGA2018(1.0.0),CENSUS_2,LGA2018,25060,A,2011,0.3,PCT,,,
ABS:ABS_REGIONAL_LGA2018(1.0.0),CENSUS_2,LGA2018,25060,A,2016,0.4,PCT,,,
ABS:ABS_REGIONAL_LGA2018(1.0.0),CENSUS_2,LGA2018,25150,A,2011,0.9,PCT,,,
ABS:ABS_REGIONAL_LGA2018(1.0.0),CENSUS_2,LGA2018,25150,A,2016,1.1,PCT,,,
ABS:ABS_REGIONAL_LGA2018(1.0.0),CENSUS_2,LGA2018,25250,A,2011,0.5,PCT,,,
ABS:ABS_REGIONAL_LGA2018(1.0.0),CENSUS_2,LGA2018,25250,A,2016,0.5,PCT,,,
ABS:ABS_REGIONAL_LGA2018(1.0.0),CENSUS_2,LGA2018,25340,A,2011,0.7,PCT,,,
ABS:ABS_REGIONAL_LGA2018(1.0.0),CENSUS_2,LGA2018,25340,A,2016,0.8,PCT,,,
ABS:ABS_REGIONAL_LGA2018(1.0.0),CENSUS_2,LGA2018,25430,A,2011,1,PCT,,,
ABS:ABS_REGIONAL_LGA2018(1.0.0),CENSUS_2,LGA2018,25430,A,2016,1.1,PCT,,,
ABS:ABS_REGIONAL_LGA2018(1.0.0),CENSUS_2,LGA2018,25490,A,2011,1.2,PCT,,,
ABS:ABS_REGIONAL_LGA2018(1.0.0),CENSUS_2,LGA2018,25490,A,2016,1.2,PCT,,,
ABS:ABS_REGIONAL_LGA2018(1.0.0),CENSUS_2,LGA2018,25620,A,2011,0.7,PCT,,,
ABS:ABS_REGIONAL_LGA2018(1.0.0),CENSUS_2,LGA2018,25620,A,2016,1.3,PCT,,,
ABS:ABS_REGIONAL_LGA2018(1.0.0),CENSUS_2,LGA2018,25710,A,2011,0.3,PCT,,,
ABS:ABS_REGIONAL_LGA2018(1.0.0),CENSUS_2,LGA2018,25710,A,2016,0.4,PCT,,,
ABS:ABS_REGIONAL_LGA2018(1.0.0),CENSUS_2,LGA2018,25810,A,2011,1.2,PCT,,,
ABS:ABS_REGIONAL_LGA2018(1.0.0),CENSUS_2,LGA2018,25810,A,2016,1.5,PCT,,,
ABS:ABS_REGIONAL_LGA2018(1.0.0),CENSUS_2,LGA2018,25900,A,2011,0.3,PCT,,,
ABS:ABS_REGIONAL_LGA2018(1.0.0),CENSUS_2,LGA2018,25900,A,2016,0.4,PCT,,,
ABS:ABS_REGIONAL_LGA2018(1.0.0),CENSUS_2,LGA2018,25990,A,2011,1,PCT,,,
ABS:ABS_REGIONAL_LGA2018(1.0.0),CENSUS_2,LGA2018,25990,A,2016,1.9,PCT,,,
ABS:ABS_REGIONAL_LGA2018(1.0.0),CENSUS_2,LGA2018,26080,A,2011,0.5,PCT,,,
ABS:ABS_REGIONAL_LGA2018(1.0.0),CENSUS_2,LGA2018,26080,A,2016,0.3,PCT,,,
ABS:ABS_REGIONAL_LGA2018(1.0.0),CENSUS_2,LGA2018,26170,A,2011,0.8,PCT,,,
ABS:ABS_REGIONAL_LGA2018(1.0.0),CENSUS_2,LGA2018,26170,A,2016,1,PCT,,,
ABS:ABS_REGIONAL_LGA2018(1.0.0),CENSUS_2,LGA2018,26260,A,2011,1.1,PCT,,,
ABS:ABS_REGIONAL_LGA2018(1.0.0),CENSUS_2,LGA2018,26260,A,2016,1.5,PCT,,,
ABS:ABS_REGIONAL_LGA2018(1.0.0),CENSUS_2,LGA2018,26350,A,2011,0.2,PCT,,,
ABS:ABS_REGIONAL_LGA2018(1.0.0),CENSUS_2,LGA2018,26350,A,2016,0.3,PCT,,,
ABS:ABS_REGIONAL_LGA2018(1.0.0),CENSUS_2,LGA2018,26430,A,2011,0.9,PCT,,,
ABS:ABS_REGIONAL_LGA2018(1.0.0),CENSUS_2,LGA2018,26430,A,2016,1.1,PCT,,,
ABS:ABS_REGIONAL_LGA2018(1.0.0),CENSUS_2,LGA2018,26490,A,2011,0.6,PCT,,,
ABS:ABS_REGIONAL_LGA2018(1.0.0),CENSUS_2,LGA2018,26490,A,2016,0.6,PCT,,,
ABS:ABS_REGIONAL_LGA2018(1.0.0),CENSUS_2,LGA2018,26610,A,2011,4.3,PCT,,,
ABS:ABS_REGIONAL_LGA2018(1.0.0),CENSUS_2,LGA2018,26610,A,2016,4,PCT,,,
ABS:ABS_REGIONAL_LGA2018(1.0.0),CENSUS_2,LGA2018,26670,A,2011,1.4,PCT,,,
ABS:ABS_REGIONAL_LGA2018(1.0.0),CENSUS_2,LGA2018,26670,A,2016,1.5,PCT,,,
ABS:ABS_REGIONAL_LGA2018(1.0.0),CENSUS_2,LGA2018,26700,A,2011,1,PCT,,,
ABS:ABS_REGIONAL_LGA2018(1.0.0),CENSUS_2,LGA2018,26700,A,2016,1.3,PCT,,,
ABS:ABS_REGIONAL_LGA2018(1.0.0),CENSUS_2,LGA2018,26730,A,2011,1.5,PCT,,,
ABS:ABS_REGIONAL_LGA2018(1.0.0),CENSUS_2,LGA2018,26730,A,2016,1.6,PCT,,,
ABS:ABS_REGIONAL_LGA2018(1.0.0),CENSUS_2,LGA2018,26810,A,2011,1.4,PCT,,,
ABS:ABS_REGIONAL_LGA2018(1.0.0),CENSUS_2,LGA2018,26810,A,2016,1.5,PCT,,,
ABS:ABS_REGIONAL_LGA2018(1.0.0),CENSUS_2,LGA2018,26890,A,2011,0.7,PCT,,,
ABS:ABS_REGIONAL_LGA2018(1.0.0),CENSUS_2,LGA2018,26890,A,2016,0.9,PCT,,,
ABS:ABS_REGIONAL_LGA2018(1.0.0),CENSUS_2,LGA2018,26980,A,2011,0.2,PCT,,,
ABS:ABS_REGIONAL_LGA2018(1.0.0),CENSUS_2,LGA2018,26980,A,2016,0.2,PCT,,,
ABS:ABS_REGIONAL_LGA2018(1.0.0),CENSUS_2,LGA2018,27070,A,2011,0.7,PCT,,,
ABS:ABS_REGIONAL_LGA2018(1.0.0),CENSUS_2,LGA2018,27070,A,2016,0.8,PCT,,,
ABS:ABS_REGIONAL_LGA2018(1.0.0),CENSUS_2,LGA2018,27170,A,2011,2,PCT,,,
ABS:ABS_REGIONAL_LGA2018(1.0.0),CENSUS_2,LGA2018,27170,A,2016,2.5,PCT,,,
ABS:ABS_REGIONAL_LGA2018(1.0.0),CENSUS_2,LGA2018,27260,A,2011,0.7,PCT,,,
ABS:ABS_REGIONAL_LGA2018(1.0.0),CENSUS_2,LGA2018,27260,A,2016,0.8,PCT,,,
ABS:ABS_REGIONAL_LGA2018(1.0.0),CENSUS_2,LGA2018,27350,A,2011,0.4,PCT,,,
ABS:ABS_REGIONAL_LGA2018(1.0.0),CENSUS_2,LGA2018,27350,A,2016,0.4,PCT,,,
ABS:ABS_REGIONAL_LGA2018(1.0.0),CENSUS_2,LGA2018,27450,A,2011,0.7,PCT,,,
ABS:ABS_REGIONAL_LGA2018(1.0.0),CENSUS_2,LGA2018,27450,A,2016,0.9,PCT,,,
ABS:ABS_REGIONAL_LGA2018(1.0.0),CENSUS_2,LGA2018,27630,A,2011,1,PCT,,,
ABS:ABS_REGIONAL_LGA2018(1.0.0),CENSUS_2,LGA2018,27630,A,2016,1.2,PCT,,,
ABS:ABS_REGIONAL_LGA2018(1.0.0),CENSUS_2,LGA2018,29399,A,2011,0.7,PCT,,,
ABS:ABS_REGIONAL_LGA2018(1.0.0),CENSUS_2,LGA2018,29399,A,2016,1,PCT,,,
ABS:ABS_REGIONAL_LGA2018(1.0.0),CENSUS_2,LGA2018,29499,A,2016,3.6,PCT,,,
ABS:ABS_REGIONAL_LGA2018(1.0.0),CENSUS_2,LGA2018,30250,A,2011,92.6,PCT,,,
ABS:ABS_REGIONAL_LGA2018(1.0.0),CENSUS_2,LGA2018,30250,A,2016,90.7,PCT,,,
ABS:ABS_REGIONAL_LGA2018(1.0.0),CENSUS_2,LGA2018,30300,A,2011,17,PCT,,,
ABS:ABS_REGIONAL_LGA2018(1.0.0),CENSUS_2,LGA2018,30300,A,2016,16,PCT,,,
ABS:ABS_REGIONAL_LGA2018(1.0.0),CENSUS_2,LGA2018,30370,A,2011,4,PCT,,,
ABS:ABS_REGIONAL_LGA2018(1.0.0),CENSUS_2,LGA2018,30370,A,2016,4.1,PCT,,,
ABS:ABS_REGIONAL_LGA2018(1.0.0),CENSUS_2,LGA2018,30410,A,2011,6.2,PCT,,,
ABS:ABS_REGIONAL_LGA2018(1.0.0),CENSUS_2,LGA2018,30410,A,2016,5.7,PCT,,,
ABS:ABS_REGIONAL_LGA2018(1.0.0),CENSUS_2,LGA2018,30450,A,2011,7.4,PCT,,,
ABS:ABS_REGIONAL_LGA2018(1.0.0),CENSUS_2,LGA2018,30450,A,2016,10.5,PCT,,,
ABS:ABS_REGIONAL_LGA2018(1.0.0),CENSUS_2,LGA2018,30760,A,2011,4.3,PCT,,,
ABS:ABS_REGIONAL_LGA2018(1.0.0),CENSUS_2,LGA2018,30760,A,2016,5.1,PCT,,,
ABS:ABS_REGIONAL_LGA2018(1.0.0),CENSUS_2,LGA2018,30900,A,2011,39.5,PCT,,,
ABS:ABS_REGIONAL_LGA2018(1.0.0),CENSUS_2,LGA2018,30900,A,2016,26.1,PCT,,,
ABS:ABS_REGIONAL_LGA2018(1.0.0),CENSUS_2,LGA2018,31000,A,2011,1.4,PCT,,,
ABS:ABS_REGIONAL_LGA2018(1.0.0),CENSUS_2,LGA2018,31000,A,2016,1.5,PCT,,,
ABS:ABS_REGIONAL_LGA2018(1.0.0),CENSUS_2,LGA2018,31750,A,2011,12.1,PCT,,,
ABS:ABS_REGIONAL_LGA2018(1.0.0),CENSUS_2,LGA2018,31750,A,2016,10.8,PCT,,,
ABS:ABS_REGIONAL_LGA2018(1.0.0),CENSUS_2,LGA2018,31820,A,2011,3.3,PCT,,,
ABS:ABS_REGIONAL_LGA2018(1.0.0),CENSUS_2,LGA2018,31820,A,2016,4,PCT,,,
ABS:ABS_REGIONAL_LGA2018(1.0.0),CENSUS_2,LGA2018,31900,A,2011,5.1,PCT,,,
ABS:ABS_REGIONAL_LGA2018(1.0.0),CENSUS_2,LGA2018,31900,A,2016,5.7,PCT,,,
ABS:ABS_REGIONAL_LGA2018(1.0.0),CENSUS_2,LGA2018,31950,A,2011,28.8,PCT,,,
ABS:ABS_REGIONAL_LGA2018(1.0.0),CENSUS_2,LGA2018,31950,A,2016,40.2,PCT,,,
ABS:ABS_REGIONAL_LGA2018(1.0.0),CENSUS_2,LGA2018,32080,A,2011,9.3,PCT,,,
ABS:ABS_REGIONAL_LGA2018(1.0.0),CENSUS_2,LGA2018,32080,A,2016,9,PCT,,,
ABS:ABS_REGIONAL_LGA2018(1.0.0),CENSUS_2,LGA2018,32250,A,2011,37,PCT,,,
ABS:ABS_REGIONAL_LGA2018(1.0.0),CENSUS_2,LGA2018,32250,A,2016,40.9,PCT,,,
ABS:ABS_REGIONAL_LGA2018(1.0.0),CENSUS_2,LGA2018,32260,A,2011,9.4,PCT,,,
ABS:ABS_REGIONAL_LGA2018(1.0.0),CENSUS_2,LGA2018,32260,A,2016,9.7,PCT,,,
ABS:ABS_REGIONAL_LGA2018(1.0.0),CENSUS_2,LGA2018,32270,A,2011,3.5,PCT,,,
ABS:ABS_REGIONAL_LGA2018(1.0.0),CENSUS_2,LGA2018,32270,A,2016,4.3,PCT,,,
ABS:ABS_REGIONAL_LGA2018(1.0.0),CENSUS_2,LGA2018,32310,A,2011,7.9,PCT,,,
ABS:ABS_REGIONAL_LGA2018(1.0.0),CENSUS_2,LGA2018,32310,A,2016,8.7,PCT,,,
ABS:ABS_REGIONAL_LGA2018(1.0.0),CENSUS_2,LGA2018,32330,A,2011,97.5,PCT,,,
ABS:ABS_REGIONAL_LGA2018(1.0.0),CENSUS_2,LGA2018,32330,A,2016,98.4,PCT,,,
ABS:ABS_REGIONAL_LGA2018(1.0.0),CENSUS_2,LGA2018,32450,A,2011,21.6,PCT,,,
ABS:ABS_REGIONAL_LGA2018(1.0.0),CENSUS_2,LGA2018,32450,A,2016,22.6,PCT,,,
ABS:ABS_REGIONAL_LGA2018(1.0.0),CENSUS_2,LGA2018,32500,A,2011,20,PCT,,,
ABS:ABS_REGIONAL_LGA2018(1.0.0),CENSUS_2,LGA2018,32500,A,2016,21.2,PCT,,,
ABS:ABS_REGIONAL_LGA2018(1.0.0),CENSUS_2,LGA2018,32600,A,2011,24.8,PCT,,,
ABS:ABS_REGIONAL_LGA2018(1.0.0),CENSUS_2,LGA2018,32600,A,2016,18.4,PCT,,,
ABS:ABS_REGIONAL_LGA2018(1.0.0),CENSUS_2,LGA2018,32750,A,2011,25.1,PCT,,,
ABS:ABS_REGIONAL_LGA2018(1.0.0),CENSUS_2,LGA2018,32750,A,2016,14.8,PCT,,,
ABS:ABS_REGIONAL_LGA2018(1.0.0),CENSUS_2,LGA2018,32770,A,2011,91.9,PCT,,,
ABS:ABS_REGIONAL_LGA2018(1.0.0),CENSUS_2,LGA2018,32770,A,2016,93.5,PCT,,,
ABS:ABS_REGIONAL_LGA2018(1.0.0),CENSUS_2,LGA2018,32810,A,2011,8.4,PCT,,,
ABS:ABS_REGIONAL_LGA2018(1.0.0),CENSUS_2,LGA2018,32810,A,2016,7.6,PCT,,,
ABS:ABS_REGIONAL_LGA2018(1.0.0),CENSUS_2,LGA2018,33100,A,2011,3.7,PCT,,,
ABS:ABS_REGIONAL_LGA2018(1.0.0),CENSUS_2,LGA2018,33100,A,2016,5.1,PCT,,,
ABS:ABS_REGIONAL_LGA2018(1.0.0),CENSUS_2,LGA2018,33200,A,2011,6.1,PCT,,,
ABS:ABS_REGIONAL_LGA2018(1.0.0),CENSUS_2,LGA2018,33200,A,2016,6.4,PCT,,,
ABS:ABS_REGIONAL_LGA2018(1.0.0),CENSUS_2,LGA2018,33220,A,2011,3.6,PCT,,,
ABS:ABS_REGIONAL_LGA2018(1.0.0),CENSUS_2,LGA2018,33220,A,2016,4.2,PCT,,,
ABS:ABS_REGIONAL_LGA2018(1.0.0),CENSUS_2,LGA2018,33360,A,2011,3.5,PCT,,,
ABS:ABS_REGIONAL_LGA2018(1.0.0),CENSUS_2,LGA2018,33360,A,2016,4,PCT,,,
ABS:ABS_REGIONAL_LGA2018(1.0.0),CENSUS_2,LGA2018,33430,A,2011,1.3,PCT,,,
ABS:ABS_REGIONAL_LGA2018(1.0.0),CENSUS_2,LGA2018,33430,A,2016,1.7,PCT,,,
ABS:ABS_REGIONAL_LGA2018(1.0.0),CENSUS_2,LGA2018,33610,A,2011,4.9,PCT,,,
ABS:ABS_REGIONAL_LGA2018(1.0.0),CENSUS_2,LGA2018,33610,A,2016,5.4,PCT,,,
ABS:ABS_REGIONAL_LGA2018(1.0.0),CENSUS_2,LGA2018,33620,A,2011,2.8,PCT,,,
ABS:ABS_REGIONAL_LGA2018(1.0.0),CENSUS_2,LGA2018,33620,A,2016,3.6,PCT,,,
ABS:ABS_REGIONAL_LGA2018(1.0.0),CENSUS_2,LGA2018,33800,A,2011,5.6,PCT,,,
ABS:ABS_REGIONAL_LGA2018(1.0.0),CENSUS_2,LGA2018,33800,A,2016,6.1,PCT,,,
ABS:ABS_REGIONAL_LGA2018(1.0.0),CENSUS_2,LGA2018,33830,A,2011,93.5,PCT,,,
ABS:ABS_REGIONAL_LGA2018(1.0.0),CENSUS_2,LGA2018,33830,A,2016,91.8,PCT,,,
ABS:ABS_REGIONAL_LGA2018(1.0.0),CENSUS_2,LGA2018,33960,A,2011,3.8,PCT,,,
ABS:ABS_REGIONAL_LGA2018(1.0.0),CENSUS_2,LGA2018,33960,A,2016,4.4,PCT,,,
ABS:ABS_REGIONAL_LGA2018(1.0.0),CENSUS_2,LGA2018,33980,A,2011,2.7,PCT,,,
ABS:ABS_REGIONAL_LGA2018(1.0.0),CENSUS_2,LGA2018,33980,A,2016,3.6,PCT,,,
ABS:ABS_REGIONAL_LGA2018(1.0.0),CENSUS_2,LGA2018,34420,A,2011,91.3,PCT,,,
ABS:ABS_REGIONAL_LGA2018(1.0.0),CENSUS_2,LGA2018,34420,A,2016,90.7,PCT,,,
ABS:ABS_REGIONAL_LGA2018(1.0.0),CENSUS_2,LGA2018,34530,A,2011,3.4,PCT,,,
ABS:ABS_REGIONAL_LGA2018(1.0.0),CENSUS_2,LGA2018,34530,A,2016,4.4,PCT,,,
ABS:ABS_REGIONAL_LGA2018(1.0.0),CENSUS_2,LGA2018,34570,A,2011,89.6,PCT,,,
ABS:ABS_REGIONAL_LGA2018(1.0.0),CENSUS_2,LGA2018,34570,A,2016,88.9,PCT,,,
ABS:ABS_REGIONAL_LGA2018(1.0.0),CENSUS_2,LGA2018,34580,A,2011,2.9,PCT,,,
ABS:ABS_REGIONAL_LGA2018(1.0.0),CENSUS_2,LGA2018,34580,A,2016,3.9,PCT,,,
ABS:ABS_REGIONAL_LGA2018(1.0.0),CENSUS_2,LGA2018,34590,A,2011,2.8,PCT,,,
ABS:ABS_REGIONAL_LGA2018(1.0.0),CENSUS_2,LGA2018,34590,A,2016,3.2,PCT,,,
ABS:ABS_REGIONAL_LGA2018(1.0.0),CENSUS_2,LGA2018,34710,A,2011,6.8,PCT,,,
ABS:ABS_REGIONAL_LGA2018(1.0.0),CENSUS_2,LGA2018,34710,A,2016,5.5,PCT,,,
ABS:ABS_REGIONAL_LGA2018(1.0.0),CENSUS_2,LGA2018,34770,A,2011,4.4,PCT,,,
ABS:ABS_REGIONAL_LGA2018(1.0.0),CENSUS_2,LGA2018,34770,A,2016,5.1,PCT,,,
ABS:ABS_REGIONAL_LGA2018(1.0.0),CENSUS_2,LGA2018,34800,A,2011,4.2,PCT,,,
ABS:ABS_REGIONAL_LGA2018(1.0.0),CENSUS_2,LGA2018,34800,A,2016,4.4,PCT,,,
ABS:ABS_REGIONAL_LGA2018(1.0.0),CENSUS_2,LGA2018,34830,A,2011,88.6,PCT,,,
ABS:ABS_REGIONAL_LGA2018(1.0.0),CENSUS_2,LGA2018,34830,A,2016,89.4,PCT,,,
ABS:ABS_REGIONAL_LGA2018(1.0.0),CENSUS_2,LGA2018,34860,A,2011,7.3,PCT,,,
ABS:ABS_REGIONAL_LGA2018(1.0.0),CENSUS_2,LGA2018,34860,A,2016,7.2,PCT,,,
ABS:ABS_REGIONAL_LGA2018(1.0.0),CENSUS_2,LGA2018,34880,A,2011,13.4,PCT,,,
ABS:ABS_REGIONAL_LGA2018(1.0.0),CENSUS_2,LGA2018,34880,A,2016,13,PCT,,,
ABS:ABS_REGIONAL_LGA2018(1.0.0),CENSUS_2,LGA2018,35010,A,2011,2.2,PCT,,,
ABS:ABS_REGIONAL_LGA2018(1.0.0),CENSUS_2,LGA2018,35010,A,2016,3,PCT,,,
ABS:ABS_REGIONAL_LGA2018(1.0.0),CENSUS_2,LGA2018,35250,A,2011,87.2,PCT,,,
ABS:ABS_REGIONAL_LGA2018(1.0.0),CENSUS_2,LGA2018,35250,A,2016,85.7,PCT,,,
ABS:ABS_REGIONAL_LGA2018(1.0.0),CENSUS_2,LGA2018,35300,A,2011,15.1,PCT,,,
ABS:ABS_REGIONAL_LGA2018(1.0.0),CENSUS_2,LGA2018,35300,A,2016,16.9,PCT,,,
ABS:ABS_REGIONAL_LGA2018(1.0.0),CENSUS_2,LGA2018,35600,A,2011,11.5,PCT,,,
ABS:ABS_REGIONAL_LGA2018(1.0.0),CENSUS_2,LGA2018,35600,A,2016,12.6,PCT,,,
ABS:ABS_REGIONAL_LGA2018(1.0.0),CENSUS_2,LGA2018,35670,A,2011,95.9,PCT,,,
ABS:ABS_REGIONAL_LGA2018(1.0.0),CENSUS_2,LGA2018,35670,A,2016,93.9,PCT,,,
ABS:ABS_REGIONAL_LGA2018(1.0.0),CENSUS_2,LGA2018,35740,A,2011,1.1,PCT,,,
ABS:ABS_REGIONAL_LGA2018(1.0.0),CENSUS_2,LGA2018,35740,A,2016,1.5,PCT,,,
ABS:ABS_REGIONAL_LGA2018(1.0.0),CENSUS_2,LGA2018,35760,A,2011,6,PCT,,,
ABS:ABS_REGIONAL_LGA2018(1.0.0),CENSUS_2,LGA2018,35760,A,2016,6.5,PCT,,,
ABS:ABS_REGIONAL_LGA2018(1.0.0),CENSUS_2,LGA2018,35780,A,2011,85.3,PCT,,,
ABS:ABS_REGIONAL_LGA2018(1.0.0),CENSUS_2,LGA2018,35780,A,2016,87.3,PCT,,,
ABS:ABS_REGIONAL_LGA2018(1.0.0),CENSUS_2,LGA2018,35790,A,2011,94.1,PCT,,,
ABS:ABS_REGIONAL_LGA2018(1.0.0),CENSUS_2,LGA2018,35790,A,2016,94,PCT,,,
ABS:ABS_REGIONAL_LGA2018(1.0.0),CENSUS_2,LGA2018,35800,A,2011,31,PCT,,,
ABS:ABS_REGIONAL_LGA2018(1.0.0),CENSUS_2,LGA2018,35800,A,2016,27.7,PCT,,,
ABS:ABS_REGIONAL_LGA2018(1.0.0),CENSUS_2,LGA2018,36070,A,2011,91,PCT,,,
ABS:ABS_REGIONAL_LGA2018(1.0.0),CENSUS_2,LGA2018,36070,A,2016,85.2,PCT,,,
ABS:ABS_REGIONAL_LGA2018(1.0.0),CENSUS_2,LGA2018,36150,A,2011,11,PCT,,,
ABS:ABS_REGIONAL_LGA2018(1.0.0),CENSUS_2,LGA2018,36150,A,2016,16.4,PCT,,,
ABS:ABS_REGIONAL_LGA2018(1.0.0),CENSUS_2,LGA2018,36250,A,2011,1.9,PCT,,,
ABS:ABS_REGIONAL_LGA2018(1.0.0),CENSUS_2,LGA2018,36250,A,2016,2.3,PCT,,,
ABS:ABS_REGIONAL_LGA2018(1.0.0),CENSUS_2,LGA2018,36300,A,2011,5.4,PCT,,,
ABS:ABS_REGIONAL_LGA2018(1.0.0),CENSUS_2,LGA2018,36300,A,2016,6.1,PCT,,,
ABS:ABS_REGIONAL_LGA2018(1.0.0),CENSUS_2,LGA2018,36370,A,2011,6.4,PCT,,,
ABS:ABS_REGIONAL_LGA2018(1.0.0),CENSUS_2,LGA2018,36370,A,2016,7.4,PCT,,,
ABS:ABS_REGIONAL_LGA2018(1.0.0),CENSUS_2,LGA2018,36510,A,2011,2.6,PCT,,,
ABS:ABS_REGIONAL_LGA2018(1.0.0),CENSUS_2,LGA2018,36510,A,2016,3,PCT,,,
ABS:ABS_REGIONAL_LGA2018(1.0.0),CENSUS_2,LGA2018,36580,A,2011,2.8,PCT,,,
ABS:ABS_REGIONAL_LGA2018(1.0.0),CENSUS_2,LGA2018,36580,A,2016,3.6,PCT,,,
ABS:ABS_REGIONAL_LGA2018(1.0.0),CENSUS_2,LGA2018,36630,A,2011,4.4,PCT,,,
ABS:ABS_REGIONAL_LGA2018(1.0.0),CENSUS_2,LGA2018,36630,A,2016,5.5,PCT,,,
ABS:ABS_REGIONAL_LGA2018(1.0.0),CENSUS_2,LGA2018,36660,A,2011,3.3,PCT,,,
ABS:ABS_REGIONAL_LGA2018(1.0.0),CENSUS_2,LGA2018,36660,A,2016,4.5,PCT,,,
ABS:ABS_REGIONAL_LGA2018(1.0.0),CENSUS_2,LGA2018,36720,A,2011,1.6,PCT,,,
ABS:ABS_REGIONAL_LGA2018(1.0.0),CENSUS_2,LGA2018,36720,A,2016,1.9,PCT,,,
ABS:ABS_REGIONAL_LGA2018(1.0.0),CENSUS_2,LGA2018,36820,A,2011,7.7,PCT,,,
ABS:ABS_REGIONAL_LGA2018(1.0.0),CENSUS_2,LGA2018,36820,A,2016,7.3,PCT,,,
ABS:ABS_REGIONAL_LGA2018(1.0.0),CENSUS_2,LGA2018,36910,A,2011,3.5,PCT,,,
ABS:ABS_REGIONAL_LGA2018(1.0.0),CENSUS_2,LGA2018,36910,A,2016,4,PCT,,,
ABS:ABS_REGIONAL_LGA2018(1.0.0),CENSUS_2,LGA2018,36950,A,2011,63.3,PCT,,,
ABS:ABS_REGIONAL_LGA2018(1.0.0),CENSUS_2,LGA2018,36950,A,2016,68.8,PCT,,,
ABS:ABS_REGIONAL_LGA2018(1.0.0),CENSUS_2,LGA2018,36960,A,2011,90.8,PCT,,,
ABS:ABS_REGIONAL_LGA2018(1.0.0),CENSUS_2,LGA2018,36960,A,2016,91.7,PCT,,,
ABS:ABS_REGIONAL_LGA2018(1.0.0),CENSUS_2,LGA2018,37010,A,2011,6.1,PCT,,,
ABS:ABS_REGIONAL_LGA2018(1.0.0),CENSUS_2,LGA2018,37010,A,2016,7,PCT,,,
ABS:ABS_REGIONAL_LGA2018(1.0.0),CENSUS_2,LGA2018,37300,A,2011,18.5,PCT,,,
ABS:ABS_REGIONAL_LGA2018(1.0.0),CENSUS_2,LGA2018,37300,A,2016,19.6,PCT,,,
ABS:ABS_REGIONAL_LGA2018(1.0.0),CENSUS_2,LGA2018,37310,A,2011,4.5,PCT,,,
ABS:ABS_REGIONAL_LGA2018(1.0.0),CENSUS_2,LGA2018,37310,A,2016,5.6,PCT,,,
ABS:ABS_REGIONAL_LGA2018(1.0.0),CENSUS_2,LGA2018,37340,A,2011,4.3,PCT,,,
ABS:ABS_REGIONAL_LGA2018(1.0.0),CENSUS_2,LGA2018,37340,A,2016,4.9,PCT,,,
ABS:ABS_REGIONAL_LGA2018(1.0.0),CENSUS_2,LGA2018,37400,A,2011,9.8,PCT,,,
ABS:ABS_REGIONAL_LGA2018(1.0.0),CENSUS_2,LGA2018,37400,A,2016,8.7,PCT,,,
ABS:ABS_REGIONAL_LGA2018(1.0.0),CENSUS_2,LGA2018,37550,A,2011,93.2,PCT,,,
ABS:ABS_REGIONAL_LGA2018(1.0.0),CENSUS_2,LGA2018,37550,A,2016,94.1,PCT,,,
ABS:ABS_REGIONAL_LGA2018(1.0.0),CENSUS_2,LGA2018,37570,A,2011,92.9,PCT,,,
ABS:ABS_REGIONAL_LGA2018(1.0.0),CENSUS_2,LGA2018,37570,A,2016,93.6,PCT,,,
ABS:ABS_REGIONAL_LGA2018(1.0.0),CENSUS_2,LGA2018,37600,A,2011,97.5,PCT,,,
ABS:ABS_REGIONAL_LGA2018(1.0.0),CENSUS_2,LGA2018,37600,A,2016,97.4,PCT,,,
ABS:ABS_REGIONAL_LGA2018(1.0.0),CENSUS_2,LGA2018,39499,A,2016,6.4,PCT,,,
ABS:ABS_REGIONAL_LGA2018(1.0.0),CENSUS_2,LGA2018,39799,A,2016,4,PCT,,,
ABS:ABS_REGIONAL_LGA2018(1.0.0),CENSUS_2,LGA2018,40070,A,2011,1.1,PCT,,,
ABS:ABS_REGIONAL_LGA2018(1.0.0),CENSUS_2,LGA2018,40070,A,2016,1.2,PCT,,,
ABS:ABS_REGIONAL_LGA2018(1.0.0),CENSUS_2,LGA2018,40120,A,2011,0.5,PCT,,,
ABS:ABS_REGIONAL_LGA2018(1.0.0),CENSUS_2,LGA2018,40120,A,2016,0.6,PCT,,,
ABS:ABS_REGIONAL_LGA2018(1.0.0),CENSUS_2,LGA2018,40150,A,2011,2.1,PCT,,,
ABS:ABS_REGIONAL_LGA2018(1.0.0),CENSUS_2,LGA2018,40150,A,2016,2.6,PCT,,,
ABS:ABS_REGIONAL_LGA2018(1.0.0),CENSUS_2,LGA2018,40220,A,2011,1.2,PCT,,,
ABS:ABS_REGIONAL_LGA2018(1.0.0),CENSUS_2,LGA2018,40220,A,2016,1.5,PCT,,,
ABS:ABS_REGIONAL_LGA2018(1.0.0),CENSUS_2,LGA2018,40250,A,2011,86.1,PCT,,,
ABS:ABS_REGIONAL_LGA2018(1.0.0),CENSUS_2,LGA2018,40250,A,2016,83.6,PCT,,,
ABS:ABS_REGIONAL_LGA2018(1.0.0),CENSUS_2,LGA2018,40310,A,2011,0.6,PCT,,,
ABS:ABS_REGIONAL_LGA2018(1.0.0),CENSUS_2,LGA2018,40310,A,2016,0.9,PCT,,,
ABS:ABS_REGIONAL_LGA2018(1.0.0),CENSUS_2,LGA2018,40430,A,2011,1.8,PCT,,,
ABS:ABS_REGIONAL_LGA2018(1.0.0),CENSUS_2,LGA2018,40430,A,2016,2.2,PCT,,,
ABS:ABS_REGIONAL_LGA2018(1.0.0),CENSUS_2,LGA2018,40520,A,2011,4.3,PCT,,,
ABS:ABS_REGIONAL_LGA2018(1.0.0),CENSUS_2,LGA2018,40520,A,2016,4.4,PCT,,,
ABS:ABS_REGIONAL_LGA2018(1.0.0),CENSUS_2,LGA2018,40700,A,2011,0.3,PCT,,,
ABS:ABS_REGIONAL_LGA2018(1.0.0),CENSUS_2,LGA2018,40700,A,2016,0.3,PCT,,,
ABS:ABS_REGIONAL_LGA2018(1.0.0),CENSUS_2,LGA2018,40910,A,2011,0.5,PCT,,,
ABS:ABS_REGIONAL_LGA2018(1.0.0),CENSUS_2,LGA2018,40910,A,2016,0.6,PCT,,,
ABS:ABS_REGIONAL_LGA2018(1.0.0),CENSUS_2,LGA2018,41010,A,2011,24.8,PCT,,,
ABS:ABS_REGIONAL_LGA2018(1.0.0),CENSUS_2,LGA2018,41010,A,2016,21.8,PCT,,,
ABS:ABS_REGIONAL_LGA2018(1.0.0),CENSUS_2,LGA2018,41060,A,2011,1.3,PCT,,,
ABS:ABS_REGIONAL_LGA2018(1.0.0),CENSUS_2,LGA2018,41060,A,2016,1.4,PCT,,,
ABS:ABS_REGIONAL_LGA2018(1.0.0),CENSUS_2,LGA2018,41140,A,2011,1,PCT,,,
ABS:ABS_REGIONAL_LGA2018(1.0.0),CENSUS_2,LGA2018,41140,A,2016,1.2,PCT,,,
ABS:ABS_REGIONAL_LGA2018(1.0.0),CENSUS_2,LGA2018,41190,A,2011,0.6,PCT,,,
ABS:ABS_REGIONAL_LGA2018(1.0.0),CENSUS_2,LGA2018,41190,A,2016,0.5,PCT,,,
ABS:ABS_REGIONAL_LGA2018(1.0.0),CENSUS_2,LGA2018,41330,A,2011,16.2,PCT,,,
ABS:ABS_REGIONAL_LGA2018(1.0.0),CENSUS_2,LGA2018,41330,A,2016,16.8,PCT,,,
ABS:ABS_REGIONAL_LGA2018(1.0.0),CENSUS_2,LGA2018,41560,A,2011,2.1,PCT,,,
ABS:ABS_REGIONAL_LGA2018(1.0.0),CENSUS_2,LGA2018,41560,A,2016,2.7,PCT,,,
ABS:ABS_REGIONAL_LGA2018(1.0.0),CENSUS_2,LGA2018,41750,A,2011,1.8,PCT,,,
ABS:ABS_REGIONAL_LGA2018(1.0.0),CENSUS_2,LGA2018,41750,A,2016,2.9,PCT,,,
ABS:ABS_REGIONAL_LGA2018(1.0.0),CENSUS_2,LGA2018,41830,A,2011,10.6,PCT,,,
ABS:ABS_REGIONAL_LGA2018(1.0.0),CENSUS_2,LGA2018,41830,A,2016,13.4,PCT,,,
ABS:ABS_REGIONAL_LGA2018(1.0.0),CENSUS_2,LGA2018,41960,A,2011,1,PCT,,,
ABS:ABS_REGIONAL_LGA2018(1.0.0),CENSUS_2,LGA2018,41960,A,2016,2.2,PCT,,,
ABS:ABS_REGIONAL_LGA2018(1.0.0),CENSUS_2,LGA2018,42030,A,2011,1.5,PCT,,,
ABS:ABS_REGIONAL_LGA2018(1.0.0),CENSUS_2,LGA2018,42030,A,2016,1.7,PCT,,,
ABS:ABS_REGIONAL_LGA2018(1.0.0),CENSUS_2,LGA2018,42110,A,2011,1.6,PCT,,,
ABS:ABS_REGIONAL_LGA2018(1.0.0),CENSUS_2,LGA2018,42110,A,2016,1.6,PCT,,,
ABS:ABS_REGIONAL_LGA2018(1.0.0),CENSUS_2,LGA2018,42250,A,2011,1.3,PCT,,,
ABS:ABS_REGIONAL_LGA2018(1.0.0),CENSUS_2,LGA2018,42250,A,2016,1.5,PCT,,,
ABS:ABS_REGIONAL_LGA2018(1.0.0),CENSUS_2,LGA2018,42600,A,2011,0.5,PCT,,,
ABS:ABS_REGIONAL_LGA2018(1.0.0),CENSUS_2,LGA2018,42600,A,2016,0.7,PCT,,,
ABS:ABS_REGIONAL_LGA2018(1.0.0),CENSUS_2,LGA2018,42750,A,2011,1.2,PCT,,,
ABS:ABS_REGIONAL_LGA2018(1.0.0),CENSUS_2,LGA2018,42750,A,2016,1.5,PCT,,,
ABS:ABS_REGIONAL_LGA2018(1.0.0),CENSUS_2,LGA2018,43080,A,2011,1.2,PCT,,,
ABS:ABS_REGIONAL_LGA2018(1.0.0),CENSUS_2,LGA2018,43080,A,2016,0.7,PCT,,,
ABS:ABS_REGIONAL_LGA2018(1.0.0),CENSUS_2,LGA2018,43220,A,2011,0.6,PCT,,,
ABS:ABS_REGIONAL_LGA2018(1.0.0),CENSUS_2,LGA2018,43220,A,2016,1.3,PCT,,,
ABS:ABS_REGIONAL_LGA2018(1.0.0),CENSUS_2,LGA2018,43360,A,2011,1.7,PCT,,,
ABS:ABS_REGIONAL_LGA2018(1.0.0),CENSUS_2,LGA2018,43360,A,2016,2.3,PCT,,,
ABS:ABS_REGIONAL_LGA2018(1.0.0),CENSUS_2,LGA2018,43650,A,2011,0.9,PCT,,,
ABS:ABS_REGIONAL_LGA2018(1.0.0),CENSUS_2,LGA2018,43650,A,2016,1,PCT,,,
ABS:ABS_REGIONAL_LGA2018(1.0.0),CENSUS_2,LGA2018,43710,A,2011,2.9,PCT,,,
ABS:ABS_REGIONAL_LGA2018(1.0.0),CENSUS_2,LGA2018,43710,A,2016,3.1,PCT,,,
ABS:ABS_REGIONAL_LGA2018(1.0.0),CENSUS_2,LGA2018,43790,A,2011,2.1,PCT,,,
ABS:ABS_REGIONAL_LGA2018(1.0.0),CENSUS_2,LGA2018,43790,A,2016,2.3,PCT,,,
ABS:ABS_REGIONAL_LGA2018(1.0.0),CENSUS_2,LGA2018,44000,A,2011,83.6,PCT,,,
ABS:ABS_REGIONAL_LGA2018(1.0.0),CENSUS_2,LGA2018,44000,A,2016,79.7,PCT,,,
ABS:ABS_REGIONAL_LGA2018(1.0.0),CENSUS_2,LGA2018,44060,A,2011,1.1,PCT,,,
ABS:ABS_REGIONAL_LGA2018(1.0.0),CENSUS_2,LGA2018,44060,A,2016,1.2,PCT,,,
ABS:ABS_REGIONAL_LGA2018(1.0.0),CENSUS_2,LGA2018,44210,A,2011,1.9,PCT,,,
ABS:ABS_REGIONAL_LGA2018(1.0.0),CENSUS_2,LGA2018,44210,A,2016,2.4,PCT,,,
ABS:ABS_REGIONAL_LGA2018(1.0.0),CENSUS_2,LGA2018,44340,A,2011,0.5,PCT,,,
ABS:ABS_REGIONAL_LGA2018(1.0.0),CENSUS_2,LGA2018,44340,A,2016,0.5,PCT,,,
ABS:ABS_REGIONAL_LGA2018(1.0.0),CENSUS_2,LGA2018,44550,A,2011,0.8,PCT,,,
ABS:ABS_REGIONAL_LGA2018(1.0.0),CENSUS_2,LGA2018,44550,A,2016,1.1,PCT,,,
ABS:ABS_REGIONAL_LGA2018(1.0.0),CENSUS_2,LGA2018,44620,A,2011,2.3,PCT,,,
ABS:ABS_REGIONAL_LGA2018(1.0.0),CENSUS_2,LGA2018,44620,A,2016,2.2,PCT,,,
ABS:ABS_REGIONAL_LGA2018(1.0.0),CENSUS_2,LGA2018,44830,A,2011,3.2,PCT,,,
ABS:ABS_REGIONAL_LGA2018(1.0.0),CENSUS_2,LGA2018,44830,A,2016,3.2,PCT,,,
ABS:ABS_REGIONAL_LGA2018(1.0.0),CENSUS_2,LGA2018,45040,A,2011,5,PCT,,,
ABS:ABS_REGIONAL_LGA2018(1.0.0),CENSUS_2,LGA2018,45040,A,2016,4.6,PCT,,,
ABS:ABS_REGIONAL_LGA2018(1.0.0),CENSUS_2,LGA2018,45090,A,2011,1.5,PCT,,,
ABS:ABS_REGIONAL_LGA2018(1.0.0),CENSUS_2,LGA2018,45090,A,2016,1.6,PCT,,,
ABS:ABS_REGIONAL_LGA2018(1.0.0),CENSUS_2,LGA2018,45120,A,2011,1.5,PCT,,,
ABS:ABS_REGIONAL_LGA2018(1.0.0),CENSUS_2,LGA2018,45120,A,2016,1.6,PCT,,,
ABS:ABS_REGIONAL_LGA2018(1.0.0),CENSUS_2,LGA2018,45290,A,2011,0.5,PCT,,,
ABS:ABS_REGIONAL_LGA2018(1.0.0),CENSUS_2,LGA2018,45290,A,2016,0.6,PCT,,,
ABS:ABS_REGIONAL_LGA2018(1.0.0),CENSUS_2,LGA2018,45340,A,2011,1.3,PCT,,,
ABS:ABS_REGIONAL_LGA2018(1.0.0),CENSUS_2,LGA2018,45340,A,2016,1.5,PCT,,,
ABS:ABS_REGIONAL_LGA2018(1.0.0),CENSUS_2,LGA2018,45400,A,2011,2.5,PCT,,,
ABS:ABS_REGIONAL_LGA2018(1.0.0),CENSUS_2,LGA2018,45400,A,2016,1.6,PCT,,,
ABS:ABS_REGIONAL_LGA2018(1.0.0),CENSUS_2,LGA2018,45540,A,2011,5,PCT,,,
ABS:ABS_REGIONAL_LGA2018(1.0.0),CENSUS_2,LGA2018,45540,A,2016,6.1,PCT,,,
ABS:ABS_REGIONAL_LGA2018(1.0.0),CENSUS_2,LGA2018,45680,A,2011,3,PCT,,,
ABS:ABS_REGIONAL_LGA2018(1.0.0),CENSUS_2,LGA2018,45680,A,2016,3.5,PCT,,,
ABS:ABS_REGIONAL_LGA2018(1.0.0),CENSUS_2,LGA2018,45890,A,2011,2.4,PCT,,,
ABS:ABS_REGIONAL_LGA2018(1.0.0),CENSUS_2,LGA2018,45890,A,2016,2.3,PCT,,,
ABS:ABS_REGIONAL_LGA2018(1.0.0),CENSUS_2,LGA2018,46090,A,2011,16.9,PCT,,,
ABS:ABS_REGIONAL_LGA2018(1.0.0),CENSUS_2,LGA2018,46090,A,2016,18.2,PCT,,,
ABS:ABS_REGIONAL_LGA2018(1.0.0),CENSUS_2,LGA2018,46300,A,2011,5.6,PCT,,,
ABS:ABS_REGIONAL_LGA2018(1.0.0),CENSUS_2,LGA2018,46300,A,2016,5.1,PCT,,,
ABS:ABS_REGIONAL_LGA2018(1.0.0),CENSUS_2,LGA2018,46450,A,2011,2.9,PCT,,,
ABS:ABS_REGIONAL_LGA2018(1.0.0),CENSUS_2,LGA2018,46450,A,2016,3.6,PCT,,,
ABS:ABS_REGIONAL_LGA2018(1.0.0),CENSUS_2,LGA2018,46510,A,2011,0.8,PCT,,,
ABS:ABS_REGIONAL_LGA2018(1.0.0),CENSUS_2,LGA2018,46510,A,2016,0.8,PCT,,,
ABS:ABS_REGIONAL_LGA2018(1.0.0),CENSUS_2,LGA2018,46670,A,2011,1.7,PCT,,,
ABS:ABS_REGIONAL_LGA2018(1.0.0),CENSUS_2,LGA2018,46670,A,2016,2.6,PCT,,,
ABS:ABS_REGIONAL_LGA2018(1.0.0),CENSUS_2,LGA2018,46860,A,2011,1.2,PCT,,,
ABS:ABS_REGIONAL_LGA2018(1.0.0),CENSUS_2,LGA2018,46860,A,2016,0.9,PCT,,,
ABS:ABS_REGIONAL_LGA2018(1.0.0),CENSUS_2,LGA2018,46970,A,2011,1.6,PCT,,,
ABS:ABS_REGIONAL_LGA2018(1.0.0),CENSUS_2,LGA2018,46970,A,2016,3.1,PCT,,,
ABS:ABS_REGIONAL_LGA2018(1.0.0),CENSUS_2,LGA2018,47140,A,2011,1.9,PCT,,,
ABS:ABS_REGIONAL_LGA2018(1.0.0),CENSUS_2,LGA2018,47140,A,2016,2,PCT,,,
ABS:ABS_REGIONAL_LGA2018(1.0.0),CENSUS_2,LGA2018,47290,A,2011,1.6,PCT,,,
ABS:ABS_REGIONAL_LGA2018(1.0.0),CENSUS_2,LGA2018,47290,A,2016,2.2,PCT,,,
ABS:ABS_REGIONAL_LGA2018(1.0.0),CENSUS_2,LGA2018,47490,A,2011,1.6,PCT,,,
ABS:ABS_REGIONAL_LGA2018(1.0.0),CENSUS_2,LGA2018,47490,A,2016,1.5,PCT,,,
ABS:ABS_REGIONAL_LGA2018(1.0.0),CENSUS_2,LGA2018,47630,A,2011,0.7,PCT,,,
ABS:ABS_REGIONAL_LGA2018(1.0.0),CENSUS_2,LGA2018,47630,A,2016,1.3,PCT,,,
ABS:ABS_REGIONAL_LGA2018(1.0.0),CENSUS_2,LGA2018,47700,A,2011,0.8,PCT,,,
ABS:ABS_REGIONAL_LGA2018(1.0.0),CENSUS_2,LGA2018,47700,A,2016,1,PCT,,,
ABS:ABS_REGIONAL_LGA2018(1.0.0),CENSUS_2,LGA2018,47800,A,2011,6,PCT,,,
ABS:ABS_REGIONAL_LGA2018(1.0.0),CENSUS_2,LGA2018,47800,A,2016,6.1,PCT,,,
ABS:ABS_REGIONAL_LGA2018(1.0.0),CENSUS_2,LGA2018,47910,A,2011,0.8,PCT,,,
ABS:ABS_REGIONAL_LGA2018(1.0.0),CENSUS_2,LGA2018,47910,A,2016,1.8,PCT,,,
ABS:ABS_REGIONAL_LGA2018(1.0.0),CENSUS_2,LGA2018,47980,A,2011,0.4,PCT,,,
ABS:ABS_REGIONAL_LGA2018(1.0.0),CENSUS_2,LGA2018,47980,A,2016,0.4,PCT,,,
ABS:ABS_REGIONAL_LGA2018(1.0.0),CENSUS_2,LGA2018,48050,A,2011,1.1,PCT,,,
ABS:ABS_REGIONAL_LGA2018(1.0.0),CENSUS_2,LGA2018,48050,A,2016,1.3,PCT,,,
ABS:ABS_REGIONAL_LGA2018(1.0.0),CENSUS_2,LGA2018,48130,A,2011,1.4,PCT,,,
ABS:ABS_REGIONAL_LGA2018(1.0.0),CENSUS_2,LGA2018,48130,A,2016,2.3,PCT,,,
ABS:ABS_REGIONAL_LGA2018(1.0.0),CENSUS_2,LGA2018,48260,A,2011,0.3,PCT,,,
ABS:ABS_REGIONAL_LGA2018(1.0.0),CENSUS_2,LGA2018,48260,A,2016,0.6,PCT,,,
ABS:ABS_REGIONAL_LGA2018(1.0.0),CENSUS_2,LGA2018,48340,A,2011,1.7,PCT,,,
ABS:ABS_REGIONAL_LGA2018(1.0.0),CENSUS_2,LGA2018,48340,A,2016,1.9,PCT,,,
ABS:ABS_REGIONAL_LGA2018(1.0.0),CENSUS_2,LGA2018,48410,A,2011,0.9,PCT,,,
ABS:ABS_REGIONAL_LGA2018(1.0.0),CENSUS_2,LGA2018,48410,A,2016,1,PCT,,,
ABS:ABS_REGIONAL_LGA2018(1.0.0),CENSUS_2,LGA2018,48540,A,2011,4.1,PCT,,,
ABS:ABS_REGIONAL_LGA2018(1.0.0),CENSUS_2,LGA2018,48540,A,2016,4.7,PCT,,,
ABS:ABS_REGIONAL_LGA2018(1.0.0),CENSUS_2,LGA2018,48640,A,2011,1.6,PCT,,,
ABS:ABS_REGIONAL_LGA2018(1.0.0),CENSUS_2,LGA2018,48640,A,2016,2,PCT,,,
ABS:ABS_REGIONAL_LGA2018(1.0.0),CENSUS_2,LGA2018,48750,A,2011,0.8,PCT,,,
ABS:ABS_REGIONAL_LGA2018(1.0.0),CENSUS_2,LGA2018,48750,A,2016,1.1,PCT,,,
ABS:ABS_REGIONAL_LGA2018(1.0.0),CENSUS_2,LGA2018,48830,A,2011,3.1,PCT,,,
ABS:ABS_REGIONAL_LGA2018(1.0.0),CENSUS_2,LGA2018,48830,A,2016,2.7,PCT,,,
ABS:ABS_REGIONAL_LGA2018(1.0.0),CENSUS_2,LGA2018,49399,A,2011,18.5,PCT,,,
ABS:ABS_REGIONAL_LGA2018(1.0.0),CENSUS_2,LGA2018,49399,A,2016,20,PCT,,,
ABS:ABS_REGIONAL_LGA2018(1.0.0),CENSUS_2,LGA2018,49499,A,2016,8.9,PCT,,,
ABS:ABS_REGIONAL_LGA2018(1.0.0),CENSUS_2,LGA2018,50080,A,2011,3.2,PCT,,,
ABS:ABS_REGIONAL_LGA2018(1.0.0),CENSUS_2,LGA2018,50080,A,2016,3.3,PCT,,,
ABS:ABS_REGIONAL_LGA2018(1.0.0),CENSUS_2,LGA2018,50210,A,2011,2.8,PCT,,,
ABS:ABS_REGIONAL_LGA2018(1.0.0),CENSUS_2,LGA2018,50210,A,2016,2.6,PCT,,,
ABS:ABS_REGIONAL_LGA2018(1.0.0),CENSUS_2,LGA2018,50250,A,2011,9.3,PCT,,,
ABS:ABS_REGIONAL_LGA2018(1.0.0),CENSUS_2,LGA2018,50250,A,2016,7.9,PCT,,,
ABS:ABS_REGIONAL_LGA2018(1.0.0),CENSUS_2,LGA2018,50280,A,2011,1,PCT,,,
ABS:ABS_REGIONAL_LGA2018(1.0.0),CENSUS_2,LGA2018,50280,A,2016,1.3,PCT,,,
ABS:ABS_REGIONAL_LGA2018(1.0.0),CENSUS_2,LGA2018,50350,A,2011,2.7,PCT,,,
ABS:ABS_REGIONAL_LGA2018(1.0.0),CENSUS_2,LGA2018,50350,A,2016,2.6,PCT,,,
ABS:ABS_REGIONAL_LGA2018(1.0.0),CENSUS_2,LGA2018,50420,A,2011,1.3,PCT,,,
ABS:ABS_REGIONAL_LGA2018(1.0.0),CENSUS_2,LGA2018,50420,A,2016,1.3,PCT,,,
ABS:ABS_REGIONAL_LGA2018(1.0.0),CENSUS_2,LGA2018,50490,A,2011,3,PCT,,,
ABS:ABS_REGIONAL_LGA2018(1.0.0),CENSUS_2,LGA2018,50490,A,2016,2.5,PCT,,,
ABS:ABS_REGIONAL_LGA2018(1.0.0),CENSUS_2,LGA2018,50560,A,2011,5.2,PCT,,,
ABS:ABS_REGIONAL_LGA2018(1.0.0),CENSUS_2,LGA2018,50560,A,2016,4.6,PCT,,,
ABS:ABS_REGIONAL_LGA2018(1.0.0),CENSUS_2,LGA2018,50630,A,2011,2.9,PCT,,,
ABS:ABS_REGIONAL_LGA2018(1.0.0),CENSUS_2,LGA2018,50630,A,2016,4.7,PCT,,,
ABS:ABS_REGIONAL_LGA2018(1.0.0),CENSUS_2,LGA2018,50770,A,2011,1.3,PCT,,,
ABS:ABS_REGIONAL_LGA2018(1.0.0),CENSUS_2,LGA2018,50770,A,2016,1.2,PCT,,,
ABS:ABS_REGIONAL_LGA2018(1.0.0),CENSUS_2,LGA2018,50840,A,2011,1.5,PCT,,,
ABS:ABS_REGIONAL_LGA2018(1.0.0),CENSUS_2,LGA2018,50840,A,2016,1.3,PCT,,,
ABS:ABS_REGIONAL_LGA2018(1.0.0),CENSUS_2,LGA2018,50910,A,2011,9.8,PCT,,,
ABS:ABS_REGIONAL_LGA2018(1.0.0),CENSUS_2,LGA2018,50910,A,2016,11.3,PCT,,,
ABS:ABS_REGIONAL_LGA2018(1.0.0),CENSUS_2,LGA2018,50980,A,2011,29.1,PCT,,,
ABS:ABS_REGIONAL_LGA2018(1.0.0),CENSUS_2,LGA2018,50980,A,2016,28.2,PCT,,,
ABS:ABS_REGIONAL_LGA2018(1.0.0),CENSUS_2,LGA2018,51080,A,2011,13.9,PCT,,,
ABS:ABS_REGIONAL_LGA2018(1.0.0),CENSUS_2,LGA2018,51080,A,2016,11.5,PCT,,,
ABS:ABS_REGIONAL_LGA2018(1.0.0),CENSUS_2,LGA2018,51120,A,2011,4.3,PCT,,,
ABS:ABS_REGIONAL_LGA2018(1.0.0),CENSUS_2,LGA2018,51120,A,2016,2.9,PCT,,,
ABS:ABS_REGIONAL_LGA2018(1.0.0),CENSUS_2,LGA2018,51190,A,2011,3.1,PCT,,,
ABS:ABS_REGIONAL_LGA2018(1.0.0),CENSUS_2,LGA2018,51190,A,2016,3.5,PCT,,,
ABS:ABS_REGIONAL_LGA2018(1.0.0),CENSUS_2,LGA2018,51260,A,2011,1.6,PCT,,,
ABS:ABS_REGIONAL_LGA2018(1.0.0),CENSUS_2,LGA2018,51260,A,2016,1.7,PCT,,,
ABS:ABS_REGIONAL_LGA2018(1.0.0),CENSUS_2,LGA2018,51310,A,2011,0.2,PCT,,,
ABS:ABS_REGIONAL_LGA2018(1.0.0),CENSUS_2,LGA2018,51310,A,2016,0.3,PCT,,,
ABS:ABS_REGIONAL_LGA2018(1.0.0),CENSUS_2,LGA2018,51330,A,2011,1,PCT,,,
ABS:ABS_REGIONAL_LGA2018(1.0.0),CENSUS_2,LGA2018,51330,A,2016,1,PCT,,,
ABS:ABS_REGIONAL_LGA2018(1.0.0),CENSUS_2,LGA2018,51400,A,2011,2.2,PCT,,,
ABS:ABS_REGIONAL_LGA2018(1.0.0),CENSUS_2,LGA2018,51400,A,2016,2.3,PCT,,,
ABS:ABS_REGIONAL_LGA2018(1.0.0),CENSUS_2,LGA2018,51470,A,2011,3.5,PCT,,,
ABS:ABS_REGIONAL_LGA2018(1.0.0),CENSUS_2,LGA2018,51470,A,2016,3.1,PCT,,,
ABS:ABS_REGIONAL_LGA2018(1.0.0),CENSUS_2,LGA2018,51540,A,2011,19.3,PCT,,,
ABS:ABS_REGIONAL_LGA2018(1.0.0),CENSUS_2,LGA2018,51540,A,2016,18,PCT,,,
ABS:ABS_REGIONAL_LGA2018(1.0.0),CENSUS_2,LGA2018,51610,A,2011,4.4,PCT,,,
ABS:ABS_REGIONAL_LGA2018(1.0.0),CENSUS_2,LGA2018,51610,A,2016,3.8,PCT,,,
ABS:ABS_REGIONAL_LGA2018(1.0.0),CENSUS_2,LGA2018,51680,A,2011,1.3,PCT,,,
ABS:ABS_REGIONAL_LGA2018(1.0.0),CENSUS_2,LGA2018,51680,A,2016,2.2,PCT,,,
ABS:ABS_REGIONAL_LGA2018(1.0.0),CENSUS_2,LGA2018,51750,A,2011,0.3,PCT,,,
ABS:ABS_REGIONAL_LGA2018(1.0.0),CENSUS_2,LGA2018,51750,A,2016,0.6,PCT,,,
ABS:ABS_REGIONAL_LGA2018(1.0.0),CENSUS_2,LGA2018,51820,A,2011,1.8,PCT,,,
ABS:ABS_REGIONAL_LGA2018(1.0.0),CENSUS_2,LGA2018,51820,A,2016,1.5,PCT,,,
ABS:ABS_REGIONAL_LGA2018(1.0.0),CENSUS_2,LGA2018,51890,A,2011,3.1,PCT,,,
ABS:ABS_REGIONAL_LGA2018(1.0.0),CENSUS_2,LGA2018,51890,A,2016,4,PCT,,,
ABS:ABS_REGIONAL_LGA2018(1.0.0),CENSUS_2,LGA2018,51960,A,2011,9.8,PCT,,,
ABS:ABS_REGIONAL_LGA2018(1.0.0),CENSUS_2,LGA2018,51960,A,2016,11.2,PCT,,,
ABS:ABS_REGIONAL_LGA2018(1.0.0),CENSUS_2,LGA2018,52030,A,2011,2.4,PCT,,,
ABS:ABS_REGIONAL_LGA2018(1.0.0),CENSUS_2,LGA2018,52030,A,2016,3.1,PCT,,,
ABS:ABS_REGIONAL_LGA2018(1.0.0),CENSUS_2,LGA2018,52100,A,2011,2.5,PCT,,,
ABS:ABS_REGIONAL_LGA2018(1.0.0),CENSUS_2,LGA2018,52100,A,2016,3.8,PCT,,,
ABS:ABS_REGIONAL_LGA2018(1.0.0),CENSUS_2,LGA2018,52170,A,2011,0.1,PCT,,,
ABS:ABS_REGIONAL_LGA2018(1.0.0),CENSUS_2,LGA2018,52170,A,2016,0.4,PCT,,,
ABS:ABS_REGIONAL_LGA2018(1.0.0),CENSUS_2,LGA2018,52240,A,2011,1.9,PCT,,,
ABS:ABS_REGIONAL_LGA2018(1.0.0),CENSUS_2,LGA2018,52240,A,2016,2,PCT,,,
ABS:ABS_REGIONAL_LGA2018(1.0.0),CENSUS_2,LGA2018,52310,A,2011,1.8,PCT,,,
ABS:ABS_REGIONAL_LGA2018(1.0.0),CENSUS_2,LGA2018,52310,A,2016,1.6,PCT,,,
ABS:ABS_REGIONAL_LGA2018(1.0.0),CENSUS_2,LGA2018,52380,A,2011,24.6,PCT,,,
ABS:ABS_REGIONAL_LGA2018(1.0.0),CENSUS_2,LGA2018,52380,A,2016,16,PCT,,,
ABS:ABS_REGIONAL_LGA2018(1.0.0),CENSUS_2,LGA2018,52450,A,2011,2.3,PCT,,,
ABS:ABS_REGIONAL_LGA2018(1.0.0),CENSUS_2,LGA2018,52450,A,2016,1.9,PCT,,,
ABS:ABS_REGIONAL_LGA2018(1.0.0),CENSUS_2,LGA2018,52520,A,2011,4.3,PCT,,,
ABS:ABS_REGIONAL_LGA2018(1.0.0),CENSUS_2,LGA2018,52520,A,2016,5.2,PCT,,,
ABS:ABS_REGIONAL_LGA2018(1.0.0),CENSUS_2,LGA2018,52590,A,2011,2.5,PCT,,,
ABS:ABS_REGIONAL_LGA2018(1.0.0),CENSUS_2,LGA2018,52590,A,2016,2.5,PCT,,,
ABS:ABS_REGIONAL_LGA2018(1.0.0),CENSUS_2,LGA2018,52660,A,2011,1.9,PCT,,,
ABS:ABS_REGIONAL_LGA2018(1.0.0),CENSUS_2,LGA2018,52660,A,2016,1.8,PCT,,,
ABS:ABS_REGIONAL_LGA2018(1.0.0),CENSUS_2,LGA2018,52730,A,2011,1,PCT,,,
ABS:ABS_REGIONAL_LGA2018(1.0.0),CENSUS_2,LGA2018,52730,A,2016,1.4,PCT,,,
ABS:ABS_REGIONAL_LGA2018(1.0.0),CENSUS_2,LGA2018,52800,A,2011,48.1,PCT,,,
ABS:ABS_REGIONAL_LGA2018(1.0.0),CENSUS_2,LGA2018,52800,A,2016,64.3,PCT,,,
ABS:ABS_REGIONAL_LGA2018(1.0.0),CENSUS_2,LGA2018,52870,A,2011,1.9,PCT,,,
ABS:ABS_REGIONAL_LGA2018(1.0.0),CENSUS_2,LGA2018,52870,A,2016,1.8,PCT,,,
ABS:ABS_REGIONAL_LGA2018(1.0.0),CENSUS_2,LGA2018,52940,A,2011,1.5,PCT,,,
ABS:ABS_REGIONAL_LGA2018(1.0.0),CENSUS_2,LGA2018,52940,A,2016,3.8,PCT,,,
ABS:ABS_REGIONAL_LGA2018(1.0.0),CENSUS_2,LGA2018,53010,A,2011,1.8,PCT,,,
ABS:ABS_REGIONAL_LGA2018(1.0.0),CENSUS_2,LGA2018,53010,A,2016,3,PCT,,,
ABS:ABS_REGIONAL_LGA2018(1.0.0),CENSUS_2,LGA2018,53080,A,2011,11.9,PCT,,,
ABS:ABS_REGIONAL_LGA2018(1.0.0),CENSUS_2,LGA2018,53080,A,2016,10.6,PCT,,,
ABS:ABS_REGIONAL_LGA2018(1.0.0),CENSUS_2,LGA2018,53150,A,2011,0.5,PCT,,,
ABS:ABS_REGIONAL_LGA2018(1.0.0),CENSUS_2,LGA2018,53150,A,2016,0.5,PCT,,,
ABS:ABS_REGIONAL_LGA2018(1.0.0),CENSUS_2,LGA2018,53220,A,2011,17,PCT,,,
ABS:ABS_REGIONAL_LGA2018(1.0.0),CENSUS_2,LGA2018,53220,A,2016,19.5,PCT,,,
ABS:ABS_REGIONAL_LGA2018(1.0.0),CENSUS_2,LGA2018,53290,A,2011,4.3,PCT,,,
ABS:ABS_REGIONAL_LGA2018(1.0.0),CENSUS_2,LGA2018,53290,A,2016,4.1,PCT,,,
ABS:ABS_REGIONAL_LGA2018(1.0.0),CENSUS_2,LGA2018,53360,A,2011,1.8,PCT,,,
ABS:ABS_REGIONAL_LGA2018(1.0.0),CENSUS_2,LGA2018,53360,A,2016,2.2,PCT,,,
ABS:ABS_REGIONAL_LGA2018(1.0.0),CENSUS_2,LGA2018,53430,A,2011,1.6,PCT,,,
ABS:ABS_REGIONAL_LGA2018(1.0.0),CENSUS_2,LGA2018,53430,A,2016,1.6,PCT,,,
ABS:ABS_REGIONAL_LGA2018(1.0.0),CENSUS_2,LGA2018,53570,A,2011,1.9,PCT,,,
ABS:ABS_REGIONAL_LGA2018(1.0.0),CENSUS_2,LGA2018,53570,A,2016,1.9,PCT,,,
ABS:ABS_REGIONAL_LGA2018(1.0.0),CENSUS_2,LGA2018,53640,A,2011,10,PCT,,,
ABS:ABS_REGIONAL_LGA2018(1.0.0),CENSUS_2,LGA2018,53640,A,2016,8.8,PCT,,,
ABS:ABS_REGIONAL_LGA2018(1.0.0),CENSUS_2,LGA2018,53710,A,2011,7.5,PCT,,,
ABS:ABS_REGIONAL_LGA2018(1.0.0),CENSUS_2,LGA2018,53710,A,2016,4,PCT,,,
ABS:ABS_REGIONAL_LGA2018(1.0.0),CENSUS_2,LGA2018,53780,A,2011,2.5,PCT,,,
ABS:ABS_REGIONAL_LGA2018(1.0.0),CENSUS_2,LGA2018,53780,A,2016,2.3,PCT,,,
ABS:ABS_REGIONAL_LGA2018(1.0.0),CENSUS_2,LGA2018,53800,A,2011,9.6,PCT,,,
ABS:ABS_REGIONAL_LGA2018(1.0.0),CENSUS_2,LGA2018,53800,A,2016,9.7,PCT,,,
ABS:ABS_REGIONAL_LGA2018(1.0.0),CENSUS_2,LGA2018,53920,A,2011,78.4,PCT,,,
ABS:ABS_REGIONAL_LGA2018(1.0.0),CENSUS_2,LGA2018,53920,A,2016,73.9,PCT,,,
ABS:ABS_REGIONAL_LGA2018(1.0.0),CENSUS_2,LGA2018,53990,A,2011,2,PCT,,,
ABS:ABS_REGIONAL_LGA2018(1.0.0),CENSUS_2,LGA2018,53990,A,2016,2.2,PCT,,,
ABS:ABS_REGIONAL_LGA2018(1.0.0),CENSUS_2,LGA2018,54060,A,2011,2.2,PCT,,,
ABS:ABS_REGIONAL_LGA2018(1.0.0),CENSUS_2,LGA2018,54060,A,2016,2.4,PCT,,,
ABS:ABS_REGIONAL_LGA2018(1.0.0),CENSUS_2,LGA2018,54130,A,2011,1.3,PCT,,,
ABS:ABS_REGIONAL_LGA2018(1.0.0),CENSUS_2,LGA2018,54130,A,2016,3.4,PCT,,,
ABS:ABS_REGIONAL_LGA2018(1.0.0),CENSUS_2,LGA2018,54170,A,2011,0.6,PCT,,,
ABS:ABS_REGIONAL_LGA2018(1.0.0),CENSUS_2,LGA2018,54170,A,2016,0.7,PCT,,,
ABS:ABS_REGIONAL_LGA2018(1.0.0),CENSUS_2,LGA2018,54200,A,2011,1.7,PCT,,,
ABS:ABS_REGIONAL_LGA2018(1.0.0),CENSUS_2,LGA2018,54200,A,2016,1.8,PCT,,,
ABS:ABS_REGIONAL_LGA2018(1.0.0),CENSUS_2,LGA2018,54280,A,2011,6.9,PCT,,,
ABS:ABS_REGIONAL_LGA2018(1.0.0),CENSUS_2,LGA2018,54280,A,2016,7.3,PCT,,,
ABS:ABS_REGIONAL_LGA2018(1.0.0),CENSUS_2,LGA2018,54310,A,2011,8.8,PCT,,,
ABS:ABS_REGIONAL_LGA2018(1.0.0),CENSUS_2,LGA2018,54310,A,2016,13.1,PCT,,,
ABS:ABS_REGIONAL_LGA2018(1.0.0),CENSUS_2,LGA2018,54340,A,2011,9.2,PCT,,,
ABS:ABS_REGIONAL_LGA2018(1.0.0),CENSUS_2,LGA2018,54340,A,2016,7.5,PCT,,,
ABS:ABS_REGIONAL_LGA2018(1.0.0),CENSUS_2,LGA2018,54410,A,2011,9.8,PCT,,,
ABS:ABS_REGIONAL_LGA2018(1.0.0),CENSUS_2,LGA2018,54410,A,2016,6.9,PCT,,,
ABS:ABS_REGIONAL_LGA2018(1.0.0),CENSUS_2,LGA2018,54480,A,2016,1.4,PCT,,,
ABS:ABS_REGIONAL_LGA2018(1.0.0),CENSUS_2,LGA2018,54550,A,2011,4.9,PCT,,,
ABS:ABS_REGIONAL_LGA2018(1.0.0),CENSUS_2,LGA2018,54550,A,2016,4.6,PCT,,,
ABS:ABS_REGIONAL_LGA2018(1.0.0),CENSUS_2,LGA2018,54620,A,2011,8.2,PCT,,,
ABS:ABS_REGIONAL_LGA2018(1.0.0),CENSUS_2,LGA2018,54620,A,2016,6.6,PCT,,,
ABS:ABS_REGIONAL_LGA2018(1.0.0),CENSUS_2,LGA2018,54690,A,2011,2.5,PCT,,,
ABS:ABS_REGIONAL_LGA2018(1.0.0),CENSUS_2,LGA2018,54690,A,2016,2.4,PCT,,,
ABS:ABS_REGIONAL_LGA2018(1.0.0),CENSUS_2,LGA2018,54760,A,2011,2.4,PCT,,,
ABS:ABS_REGIONAL_LGA2018(1.0.0),CENSUS_2,LGA2018,54760,A,2016,3.1,PCT,,,
ABS:ABS_REGIONAL_LGA2018(1.0.0),CENSUS_2,LGA2018,54830,A,2011,3.9,PCT,,,
ABS:ABS_REGIONAL_LGA2018(1.0.0),CENSUS_2,LGA2018,54830,A,2016,3.6,PCT,,,
ABS:ABS_REGIONAL_LGA2018(1.0.0),CENSUS_2,LGA2018,54900,A,2011,1.8,PCT,,,
ABS:ABS_REGIONAL_LGA2018(1.0.0),CENSUS_2,LGA2018,54900,A,2016,2.3,PCT,,,
ABS:ABS_REGIONAL_LGA2018(1.0.0),CENSUS_2,LGA2018,54970,A,2011,29.2,PCT,,,
ABS:ABS_REGIONAL_LGA2018(1.0.0),CENSUS_2,LGA2018,54970,A,2016,26.6,PCT,,,
ABS:ABS_REGIONAL_LGA2018(1.0.0),CENSUS_2,LGA2018,55040,A,2011,9.1,PCT,,,
ABS:ABS_REGIONAL_LGA2018(1.0.0),CENSUS_2,LGA2018,55040,A,2016,14.4,PCT,,,
ABS:ABS_REGIONAL_LGA2018(1.0.0),CENSUS_2,LGA2018,55110,A,2011,1.9,PCT,,,
ABS:ABS_REGIONAL_LGA2018(1.0.0),CENSUS_2,LGA2018,55110,A,2016,2.1,PCT,,,
ABS:ABS_REGIONAL_LGA2018(1.0.0),CENSUS_2,LGA2018,55180,A,2011,2.7,PCT,,,
ABS:ABS_REGIONAL_LGA2018(1.0.0),CENSUS_2,LGA2018,55180,A,2016,3.4,PCT,,,
ABS:ABS_REGIONAL_LGA2018(1.0.0),CENSUS_2,LGA2018,55250,A,2011,32.6,PCT,,,
ABS:ABS_REGIONAL_LGA2018(1.0.0),CENSUS_2,LGA2018,55250,A,2016,30.4,PCT,,,
ABS:ABS_REGIONAL_LGA2018(1.0.0),CENSUS_2,LGA2018,55320,A,2011,0.6,PCT,,,
ABS:ABS_REGIONAL_LGA2018(1.0.0),CENSUS_2,LGA2018,55320,A,2016,0.7,PCT,,,
ABS:ABS_REGIONAL_LGA2018(1.0.0),CENSUS_2,LGA2018,55390,A,2011,66.2,PCT,,,
ABS:ABS_REGIONAL_LGA2018(1.0.0),CENSUS_2,LGA2018,55390,A,2016,45.7,PCT,,,
ABS:ABS_REGIONAL_LGA2018(1.0.0),CENSUS_2,LGA2018,55460,A,2011,5.6,PCT,,,
ABS:ABS_REGIONAL_LGA2018(1.0.0),CENSUS_2,LGA2018,55460,A,2016,6.8,PCT,,,
ABS:ABS_REGIONAL_LGA2018(1.0.0),CENSUS_2,LGA2018,55530,A,2011,6.1,PCT,,,
ABS:ABS_REGIONAL_LGA2018(1.0.0),CENSUS_2,LGA2018,55530,A,2016,5.5,PCT,,,
ABS:ABS_REGIONAL_LGA2018(1.0.0),CENSUS_2,LGA2018,55600,A,2011,12.3,PCT,,,
ABS:ABS_REGIONAL_LGA2018(1.0.0),CENSUS_2,LGA2018,55600,A,2016,10.7,PCT,,,
ABS:ABS_REGIONAL_LGA2018(1.0.0),CENSUS_2,LGA2018,55670,A,2011,9.5,PCT,,,
ABS:ABS_REGIONAL_LGA2018(1.0.0),CENSUS_2,LGA2018,55670,A,2016,16.8,PCT,,,
ABS:ABS_REGIONAL_LGA2018(1.0.0),CENSUS_2,LGA2018,55740,A,2011,1.5,PCT,,,
ABS:ABS_REGIONAL_LGA2018(1.0.0),CENSUS_2,LGA2018,55740,A,2016,0.9,PCT,,,
ABS:ABS_REGIONAL_LGA2018(1.0.0),CENSUS_2,LGA2018,55810,A,2011,36.2,PCT,,,
ABS:ABS_REGIONAL_LGA2018(1.0.0),CENSUS_2,LGA2018,55810,A,2016,21.8,PCT,,,
ABS:ABS_REGIONAL_LGA2018(1.0.0),CENSUS_2,LGA2018,55880,A,2016,0.9,PCT,,,
ABS:ABS_REGIONAL_LGA2018(1.0.0),CENSUS_2,LGA2018,55950,A,2011,4.7,PCT,,,
ABS:ABS_REGIONAL_LGA2018(1.0.0),CENSUS_2,LGA2018,55950,A,2016,5.2,PCT,,,
ABS:ABS_REGIONAL_LGA2018(1.0.0),CENSUS_2,LGA2018,56090,A,2011,2.7,PCT,,,
ABS:ABS_REGIONAL_LGA2018(1.0.0),CENSUS_2,LGA2018,56090,A,2016,3.2,PCT,,,
ABS:ABS_REGIONAL_LGA2018(1.0.0),CENSUS_2,LGA2018,56160,A,2011,32.2,PCT,,,
ABS:ABS_REGIONAL_LGA2018(1.0.0),CENSUS_2,LGA2018,56160,A,2016,37.3,PCT,,,
ABS:ABS_REGIONAL_LGA2018(1.0.0),CENSUS_2,LGA2018,56230,A,2011,2.1,PCT,,,
ABS:ABS_REGIONAL_LGA2018(1.0.0),CENSUS_2,LGA2018,56230,A,2016,2.4,PCT,,,
ABS:ABS_REGIONAL_LGA2018(1.0.0),CENSUS_2,LGA2018,56300,A,2011,1.2,PCT,,,
ABS:ABS_REGIONAL_LGA2018(1.0.0),CENSUS_2,LGA2018,56300,A,2016,1.4,PCT,,,
ABS:ABS_REGIONAL_LGA2018(1.0.0),CENSUS_2,LGA2018,56370,A,2011,2.5,PCT,,,
ABS:ABS_REGIONAL_LGA2018(1.0.0),CENSUS_2,LGA2018,56370,A,2016,3.2,PCT,,,
ABS:ABS_REGIONAL_LGA2018(1.0.0),CENSUS_2,LGA2018,56460,A,2011,8,PCT,,,
ABS:ABS_REGIONAL_LGA2018(1.0.0),CENSUS_2,LGA2018,56460,A,2016,6.8,PCT,,,
ABS:ABS_REGIONAL_LGA2018(1.0.0),CENSUS_2,LGA2018,56580,A,2011,0.2,PCT,,,
ABS:ABS_REGIONAL_LGA2018(1.0.0),CENSUS_2,LGA2018,56580,A,2016,0.3,PCT,,,
ABS:ABS_REGIONAL_LGA2018(1.0.0),CENSUS_2,LGA2018,56620,A,2011,84.2,PCT,,,
ABS:ABS_REGIONAL_LGA2018(1.0.0),CENSUS_2,LGA2018,56620,A,2016,86.1,PCT,,,
ABS:ABS_REGIONAL_LGA2018(1.0.0),CENSUS_2,LGA2018,56730,A,2011,5.6,PCT,,,
ABS:ABS_REGIONAL_LGA2018(1.0.0),CENSUS_2,LGA2018,56730,A,2016,5.8,PCT,,,
ABS:ABS_REGIONAL_LGA2018(1.0.0),CENSUS_2,LGA2018,56790,A,2011,5.7,PCT,,,
ABS:ABS_REGIONAL_LGA2018(1.0.0),CENSUS_2,LGA2018,56790,A,2016,5.3,PCT,,,
ABS:ABS_REGIONAL_LGA2018(1.0.0),CENSUS_2,LGA2018,56860,A,2011,9.5,PCT,,,
ABS:ABS_REGIONAL_LGA2018(1.0.0),CENSUS_2,LGA2018,56860,A,2016,7.4,PCT,,,
ABS:ABS_REGIONAL_LGA2018(1.0.0),CENSUS_2,LGA2018,56930,A,2011,0.4,PCT,,,
ABS:ABS_REGIONAL_LGA2018(1.0.0),CENSUS_2,LGA2018,56930,A,2016,1.8,PCT,,,
ABS:ABS_REGIONAL_LGA2018(1.0.0),CENSUS_2,LGA2018,57000,A,2011,5.7,PCT,,,
ABS:ABS_REGIONAL_LGA2018(1.0.0),CENSUS_2,LGA2018,57000,A,2016,6,PCT,,,
ABS:ABS_REGIONAL_LGA2018(1.0.0),CENSUS_2,LGA2018,57080,A,2011,0.6,PCT,,,
ABS:ABS_REGIONAL_LGA2018(1.0.0),CENSUS_2,LGA2018,57080,A,2016,0.9,PCT,,,
ABS:ABS_REGIONAL_LGA2018(1.0.0),CENSUS_2,LGA2018,57140,A,2011,11,PCT,,,
ABS:ABS_REGIONAL_LGA2018(1.0.0),CENSUS_2,LGA2018,57140,A,2016,12.2,PCT,,,
ABS:ABS_REGIONAL_LGA2018(1.0.0),CENSUS_2,LGA2018,57210,A,2011,3.1,PCT,,,
ABS:ABS_REGIONAL_LGA2018(1.0.0),CENSUS_2,LGA2018,57210,A,2016,3,PCT,,,
ABS:ABS_REGIONAL_LGA2018(1.0.0),CENSUS_2,LGA2018,57280,A,2011,14.8,PCT,,,
ABS:ABS_REGIONAL_LGA2018(1.0.0),CENSUS_2,LGA2018,57280,A,2016,16.7,PCT,,,
ABS:ABS_REGIONAL_LGA2018(1.0.0),CENSUS_2,LGA2018,57350,A,2011,14.7,PCT,,,
ABS:ABS_REGIONAL_LGA2018(1.0.0),CENSUS_2,LGA2018,57350,A,2016,8,PCT,,,
ABS:ABS_REGIONAL_LGA2018(1.0.0),CENSUS_2,LGA2018,57420,A,2011,1.3,PCT,,,
ABS:ABS_REGIONAL_LGA2018(1.0.0),CENSUS_2,LGA2018,57420,A,2016,1.8,PCT,,,
ABS:ABS_REGIONAL_LGA2018(1.0.0),CENSUS_2,LGA2018,57490,A,2011,1.7,PCT,,,
ABS:ABS_REGIONAL_LGA2018(1.0.0),CENSUS_2,LGA2018,57490,A,2016,2,PCT,,,
ABS:ABS_REGIONAL_LGA2018(1.0.0),CENSUS_2,LGA2018,57630,A,2011,3.8,PCT,,,
ABS:ABS_REGIONAL_LGA2018(1.0.0),CENSUS_2,LGA2018,57700,A,2011,1.5,PCT,,,
ABS:ABS_REGIONAL_LGA2018(1.0.0),CENSUS_2,LGA2018,57700,A,2016,2,PCT,,,
ABS:ABS_REGIONAL_LGA2018(1.0.0),CENSUS_2,LGA2018,57770,A,2011,8.3,PCT,,,
ABS:ABS_REGIONAL_LGA2018(1.0.0),CENSUS_2,LGA2018,57770,A,2016,7.1,PCT,,,
ABS:ABS_REGIONAL_LGA2018(1.0.0),CENSUS_2,LGA2018,57840,A,2011,1.1,PCT,,,
ABS:ABS_REGIONAL_LGA2018(1.0.0),CENSUS_2,LGA2018,57840,A,2016,1.3,PCT,,,
ABS:ABS_REGIONAL_LGA2018(1.0.0),CENSUS_2,LGA2018,57910,A,2011,1.2,PCT,,,
ABS:ABS_REGIONAL_LGA2018(1.0.0),CENSUS_2,LGA2018,57910,A,2016,1.1,PCT,,,
ABS:ABS_REGIONAL_LGA2018(1.0.0),CENSUS_2,LGA2018,57980,A,2011,0.5,PCT,,,
ABS:ABS_REGIONAL_LGA2018(1.0.0),CENSUS_2,LGA2018,57980,A,2016,0.6,PCT,,,
ABS:ABS_REGIONAL_LGA2018(1.0.0),CENSUS_2,LGA2018,58050,A,2011,3,PCT,,,
ABS:ABS_REGIONAL_LGA2018(1.0.0),CENSUS_2,LGA2018,58050,A,2016,2.9,PCT,,,
ABS:ABS_REGIONAL_LGA2018(1.0.0),CENSUS_2,LGA2018,58190,A,2011,11.6,PCT,,,
ABS:ABS_REGIONAL_LGA2018(1.0.0),CENSUS_2,LGA2018,58190,A,2016,10.2,PCT,,,
ABS:ABS_REGIONAL_LGA2018(1.0.0),CENSUS_2,LGA2018,58260,A,2011,6.2,PCT,,,
ABS:ABS_REGIONAL_LGA2018(1.0.0),CENSUS_2,LGA2018,58260,A,2016,7.9,PCT,,,
ABS:ABS_REGIONAL_LGA2018(1.0.0),CENSUS_2,LGA2018,58330,A,2011,2.4,PCT,,,
ABS:ABS_REGIONAL_LGA2018(1.0.0),CENSUS_2,LGA2018,58330,A,2016,2.8,PCT,,,
ABS:ABS_REGIONAL_LGA2018(1.0.0),CENSUS_2,LGA2018,58400,A,2011,9.5,PCT,,,
ABS:ABS_REGIONAL_LGA2018(1.0.0),CENSUS_2,LGA2018,58400,A,2016,4.6,PCT,,,
ABS:ABS_REGIONAL_LGA2018(1.0.0),CENSUS_2,LGA2018,58470,A,2011,55.6,PCT,,,
ABS:ABS_REGIONAL_LGA2018(1.0.0),CENSUS_2,LGA2018,58470,A,2016,59,PCT,,,
ABS:ABS_REGIONAL_LGA2018(1.0.0),CENSUS_2,LGA2018,58510,A,2011,1.6,PCT,,,
ABS:ABS_REGIONAL_LGA2018(1.0.0),CENSUS_2,LGA2018,58510,A,2016,1.5,PCT,,,
ABS:ABS_REGIONAL_LGA2018(1.0.0),CENSUS_2,LGA2018,58540,A,2011,2.8,PCT,,,
ABS:ABS_REGIONAL_LGA2018(1.0.0),CENSUS_2,LGA2018,58540,A,2016,2.6,PCT,,,
ABS:ABS_REGIONAL_LGA2018(1.0.0),CENSUS_2,LGA2018,58570,A,2011,0.6,PCT,,,
ABS:ABS_REGIONAL_LGA2018(1.0.0),CENSUS_2,LGA2018,58570,A,2016,0.7,PCT,,,
ABS:ABS_REGIONAL_LGA2018(1.0.0),CENSUS_2,LGA2018,58610,A,2011,3.3,PCT,,,
ABS:ABS_REGIONAL_LGA2018(1.0.0),CENSUS_2,LGA2018,58610,A,2016,2.1,PCT,,,
ABS:ABS_REGIONAL_LGA2018(1.0.0),CENSUS_2,LGA2018,58680,A,2016,0.7,PCT,,,
ABS:ABS_REGIONAL_LGA2018(1.0.0),CENSUS_2,LGA2018,58760,A,2011,1.5,PCT,,,
ABS:ABS_REGIONAL_LGA2018(1.0.0),CENSUS_2,LGA2018,58760,A,2016,1.4,PCT,,,
ABS:ABS_REGIONAL_LGA2018(1.0.0),CENSUS_2,LGA2018,58820,A,2011,2.9,PCT,,,
ABS:ABS_REGIONAL_LGA2018(1.0.0),CENSUS_2,LGA2018,58820,A,2016,2.3,PCT,,,
ABS:ABS_REGIONAL_LGA2018(1.0.0),CENSUS_2,LGA2018,58890,A,2011,0.9,PCT,,,
ABS:ABS_REGIONAL_LGA2018(1.0.0),CENSUS_2,LGA2018,58890,A,2016,3.1,PCT,,,
ABS:ABS_REGIONAL_LGA2018(1.0.0),CENSUS_2,LGA2018,59030,A,2011,1.1,PCT,,,
ABS:ABS_REGIONAL_LGA2018(1.0.0),CENSUS_2,LGA2018,59030,A,2016,2,PCT,,,
ABS:ABS_REGIONAL_LGA2018(1.0.0),CENSUS_2,LGA2018,59100,A,2011,2.8,PCT,,,
ABS:ABS_REGIONAL_LGA2018(1.0.0),CENSUS_2,LGA2018,59100,A,2016,3.5,PCT,,,
ABS:ABS_REGIONAL_LGA2018(1.0.0),CENSUS_2,LGA2018,59170,A,2011,0.3,PCT,,,
ABS:ABS_REGIONAL_LGA2018(1.0.0),CENSUS_2,LGA2018,59170,A,2016,1.2,PCT,,,
ABS:ABS_REGIONAL_LGA2018(1.0.0),CENSUS_2,LGA2018,59250,A,2011,25.1,PCT,,,
ABS:ABS_REGIONAL_LGA2018(1.0.0),CENSUS_2,LGA2018,59250,A,2016,30.5,PCT,,,
ABS:ABS_REGIONAL_LGA2018(1.0.0),CENSUS_2,LGA2018,59310,A,2011,7.5,PCT,,,
ABS:ABS_REGIONAL_LGA2018(1.0.0),CENSUS_2,LGA2018,59310,A,2016,6.5,PCT,,,
ABS:ABS_REGIONAL_LGA2018(1.0.0),CENSUS_2,LGA2018,59320,A,2011,1.4,PCT,,,
ABS:ABS_REGIONAL_LGA2018(1.0.0),CENSUS_2,LGA2018,59320,A,2016,1.2,PCT,,,
ABS:ABS_REGIONAL_LGA2018(1.0.0),CENSUS_2,LGA2018,59330,A,2011,2.9,PCT,,,
ABS:ABS_REGIONAL_LGA2018(1.0.0),CENSUS_2,LGA2018,59330,A,2016,1.6,PCT,,,
ABS:ABS_REGIONAL_LGA2018(1.0.0),CENSUS_2,LGA2018,59340,A,2011,34.8,PCT,,,
ABS:ABS_REGIONAL_LGA2018(1.0.0),CENSUS_2,LGA2018,59340,A,2016,32.7,PCT,,,
ABS:ABS_REGIONAL_LGA2018(1.0.0),CENSUS_2,LGA2018,59350,A,2011,22.6,PCT,,,
ABS:ABS_REGIONAL_LGA2018(1.0.0),CENSUS_2,LGA2018,59350,A,2016,21.4,PCT,,,
ABS:ABS_REGIONAL_LGA2018(1.0.0),CENSUS_2,LGA2018,59360,A,2011,1.2,PCT,,,
ABS:ABS_REGIONAL_LGA2018(1.0.0),CENSUS_2,LGA2018,59360,A,2016,3.2,PCT,,,
ABS:ABS_REGIONAL_LGA2018(1.0.0),CENSUS_2,LGA2018,59370,A,2011,3.5,PCT,,,
ABS:ABS_REGIONAL_LGA2018(1.0.0),CENSUS_2,LGA2018,59370,A,2016,3.2,PCT,,,
ABS:ABS_REGIONAL_LGA2018(1.0.0),CENSUS_2,LGA2018,59499,A,2016,9.8,PCT,,,
ABS:ABS_REGIONAL_LGA2018(1.0.0),CENSUS_2,LGA2018,59799,A,2016,0.7,PCT,,,
ABS:ABS_REGIONAL_LGA2018(1.0.0),CENSUS_2,LGA2018,60210,A,2011,3.6,PCT,,,
ABS:ABS_REGIONAL_LGA2018(1.0.0),CENSUS_2,LGA2018,60210,A,2016,3.9,PCT,,,
ABS:ABS_REGIONAL_LGA2018(1.0.0),CENSUS_2,LGA2018,60410,A,2011,7.6,PCT,,,
ABS:ABS_REGIONAL_LGA2018(1.0.0),CENSUS_2,LGA2018,60410,A,2016,9.4,PCT,,,
ABS:ABS_REGIONAL_LGA2018(1.0.0),CENSUS_2,LGA2018,60610,A,2011,5.7,PCT,,,
ABS:ABS_REGIONAL_LGA2018(1.0.0),CENSUS_2,LGA2018,60610,A,2016,6.9,PCT,,,
ABS:ABS_REGIONAL_LGA2018(1.0.0),CENSUS_2,LGA2018,60810,A,2011,5.9,PCT,,,
ABS:ABS_REGIONAL_LGA2018(1.0.0),CENSUS_2,LGA2018,60810,A,2016,6.9,PCT,,,
ABS:ABS_REGIONAL_LGA2018(1.0.0),CENSUS_2,LGA2018,61010,A,2011,5.1,PCT,,,
ABS:ABS_REGIONAL_LGA2018(1.0.0),CENSUS_2,LGA2018,61010,A,2016,5.5,PCT,,,
ABS:ABS_REGIONAL_LGA2018(1.0.0),CENSUS_2,LGA2018,61210,A,2011,11.7,PCT,,,
ABS:ABS_REGIONAL_LGA2018(1.0.0),CENSUS_2,LGA2018,61210,A,2016,15.8,PCT,,,
ABS:ABS_REGIONAL_LGA2018(1.0.0),CENSUS_2,LGA2018,61410,A,2011,2.9,PCT,,,
ABS:ABS_REGIONAL_LGA2018(1.0.0),CENSUS_2,LGA2018,61410,A,2016,3.5,PCT,,,
ABS:ABS_REGIONAL_LGA2018(1.0.0),CENSUS_2,LGA2018,61510,A,2011,4.1,PCT,,,
ABS:ABS_REGIONAL_LGA2018(1.0.0),CENSUS_2,LGA2018,61510,A,2016,4.7,PCT,,,
ABS:ABS_REGIONAL_LGA2018(1.0.0),CENSUS_2,LGA2018,61610,A,2011,5.2,PCT,,,
ABS:ABS_REGIONAL_LGA2018(1.0.0),CENSUS_2,LGA2018,61610,A,2016,6.4,PCT,,,
ABS:ABS_REGIONAL_LGA2018(1.0.0),CENSUS_2,LGA2018,61810,A,2011,3.2,PCT,,,
ABS:ABS_REGIONAL_LGA2018(1.0.0),CENSUS_2,LGA2018,61810,A,2016,2.9,PCT,,,
ABS:ABS_REGIONAL_LGA2018(1.0.0),CENSUS_2,LGA2018,62010,A,2011,16.6,PCT,,,
ABS:ABS_REGIONAL_LGA2018(1.0.0),CENSUS_2,LGA2018,62010,A,2016,16.2,PCT,,,
ABS:ABS_REGIONAL_LGA2018(1.0.0),CENSUS_2,LGA2018,62210,A,2011,4.3,PCT,,,
ABS:ABS_REGIONAL_LGA2018(1.0.0),CENSUS_2,LGA2018,62210,A,2016,4.4,PCT,,,
ABS:ABS_REGIONAL_LGA2018(1.0.0),CENSUS_2,LGA2018,62410,A,2011,4.1,PCT,,,
ABS:ABS_REGIONAL_LGA2018(1.0.0),CENSUS_2,LGA2018,62410,A,2016,4.8,PCT,,,
ABS:ABS_REGIONAL_LGA2018(1.0.0),CENSUS_2,LGA2018,62610,A,2011,4.2,PCT,,,
ABS:ABS_REGIONAL_LGA2018(1.0.0),CENSUS_2,LGA2018,62610,A,2016,4.9,PCT,,,
ABS:ABS_REGIONAL_LGA2018(1.0.0),CENSUS_2,LGA2018,62810,A,2011,1.2,PCT,,,
ABS:ABS_REGIONAL_LGA2018(1.0.0),CENSUS_2,LGA2018,62810,A,2016,1.4,PCT,,,
ABS:ABS_REGIONAL_LGA2018(1.0.0),CENSUS_2,LGA2018,63010,A,2011,8.7,PCT,,,
ABS:ABS_REGIONAL_LGA2018(1.0.0),CENSUS_2,LGA2018,63010,A,2016,9.2,PCT,,,
ABS:ABS_REGIONAL_LGA2018(1.0.0),CENSUS_2,LGA2018,63210,A,2011,3.9,PCT,,,
ABS:ABS_REGIONAL_LGA2018(1.0.0),CENSUS_2,LGA2018,63210,A,2016,5.1,PCT,,,
ABS:ABS_REGIONAL_LGA2018(1.0.0),CENSUS_2,LGA2018,63410,A,2011,1.9,PCT,,,
ABS:ABS_REGIONAL_LGA2018(1.0.0),CENSUS_2,LGA2018,63410,A,2016,2.3,PCT,,,
ABS:ABS_REGIONAL_LGA2018(1.0.0),CENSUS_2,LGA2018,63610,A,2011,3.1,PCT,,,
ABS:ABS_REGIONAL_LGA2018(1.0.0),CENSUS_2,LGA2018,63610,A,2016,3.6,PCT,,,
ABS:ABS_REGIONAL_LGA2018(1.0.0),CENSUS_2,LGA2018,63810,A,2011,4.3,PCT,,,
ABS:ABS_REGIONAL_LGA2018(1.0.0),CENSUS_2,LGA2018,63810,A,2016,5,PCT,,,
ABS:ABS_REGIONAL_LGA2018(1.0.0),CENSUS_2,LGA2018,64010,A,2011,3,PCT,,,
ABS:ABS_REGIONAL_LGA2018(1.0.0),CENSUS_2,LGA2018,64010,A,2016,3.5,PCT,,,
ABS:ABS_REGIONAL_LGA2018(1.0.0),CENSUS_2,LGA2018,64210,A,2011,2.5,PCT,,,
ABS:ABS_REGIONAL_LGA2018(1.0.0),CENSUS_2,LGA2018,64210,A,2016,3,PCT,,,
ABS:ABS_REGIONAL_LGA2018(1.0.0),CENSUS_2,LGA2018,64610,A,2011,2.6,PCT,,,
ABS:ABS_REGIONAL_LGA2018(1.0.0),CENSUS_2,LGA2018,64610,A,2016,2.5,PCT,,,
ABS:ABS_REGIONAL_LGA2018(1.0.0),CENSUS_2,LGA2018,64810,A,2011,4,PCT,,,
ABS:ABS_REGIONAL_LGA2018(1.0.0),CENSUS_2,LGA2018,64810,A,2016,4.2,PCT,,,
ABS:ABS_REGIONAL_LGA2018(1.0.0),CENSUS_2,LGA2018,65010,A,2011,4.4,PCT,,,
ABS:ABS_REGIONAL_LGA2018(1.0.0),CENSUS_2,LGA2018,65010,A,2016,5.5,PCT,,,
ABS:ABS_REGIONAL_LGA2018(1.0.0),CENSUS_2,LGA2018,65210,A,2011,5,PCT,,,
ABS:ABS_REGIONAL_LGA2018(1.0.0),CENSUS_2,LGA2018,65210,A,2016,5.2,PCT,,,
ABS:ABS_REGIONAL_LGA2018(1.0.0),CENSUS_2,LGA2018,65410,A,2011,6.2,PCT,,,
ABS:ABS_REGIONAL_LGA2018(1.0.0),CENSUS_2,LGA2018,65410,A,2016,7.6,PCT,,,
ABS:ABS_REGIONAL_LGA2018(1.0.0),CENSUS_2,LGA2018,65610,A,2011,6.5,PCT,,,
ABS:ABS_REGIONAL_LGA2018(1.0.0),CENSUS_2,LGA2018,65610,A,2016,7.5,PCT,,,
ABS:ABS_REGIONAL_LGA2018(1.0.0),CENSUS_2,LGA2018,65810,A,2011,1.9,PCT,,,
ABS:ABS_REGIONAL_LGA2018(1.0.0),CENSUS_2,LGA2018,65810,A,2016,2.4,PCT,,,
ABS:ABS_REGIONAL_LGA2018(1.0.0),CENSUS_2,LGA2018,69499,A,2016,6.7,PCT,,,
ABS:ABS_REGIONAL_LGA2018(1.0.0),CENSUS_2,LGA2018,70200,A,2011,18.6,PCT,,,
ABS:ABS_REGIONAL_LGA2018(1.0.0),CENSUS_2,LGA2018,70200,A,2016,17.6,PCT,,,
ABS:ABS_REGIONAL_LGA2018(1.0.0),CENSUS_2,LGA2018,70420,A,2011,69.1,PCT,,,
ABS:ABS_REGIONAL_LGA2018(1.0.0),CENSUS_2,LGA2018,70420,A,2016,68.1,PCT,,,
ABS:ABS_REGIONAL_LGA2018(1.0.0),CENSUS_2,LGA2018,70540,A,2011,95.6,PCT,,,
ABS:ABS_REGIONAL_LGA2018(1.0.0),CENSUS_2,LGA2018,70540,A,2016,97.6,PCT,,,
ABS:ABS_REGIONAL_LGA2018(1.0.0),CENSUS_2,LGA2018,70620,A,2011,79.9,PCT,,,
ABS:ABS_REGIONAL_LGA2018(1.0.0),CENSUS_2,LGA2018,70620,A,2016,84,PCT,,,
ABS:ABS_REGIONAL_LGA2018(1.0.0),CENSUS_2,LGA2018,70700,A,2011,21.2,PCT,,,
ABS:ABS_REGIONAL_LGA2018(1.0.0),CENSUS_2,LGA2018,70700,A,2016,24.1,PCT,,,
ABS:ABS_REGIONAL_LGA2018(1.0.0),CENSUS_2,LGA2018,71000,A,2011,8.4,PCT,,,
ABS:ABS_REGIONAL_LGA2018(1.0.0),CENSUS_2,LGA2018,71000,A,2016,7.4,PCT,,,
ABS:ABS_REGIONAL_LGA2018(1.0.0),CENSUS_2,LGA2018,71300,A,2011,91.2,PCT,,,
ABS:ABS_REGIONAL_LGA2018(1.0.0),CENSUS_2,LGA2018,71300,A,2016,93.6,PCT,,,
ABS:ABS_REGIONAL_LGA2018(1.0.0),CENSUS_2,LGA2018,72200,A,2011,25.5,PCT,,,
ABS:ABS_REGIONAL_LGA2018(1.0.0),CENSUS_2,LGA2018,72200,A,2016,22.1,PCT,,,
ABS:ABS_REGIONAL_LGA2018(1.0.0),CENSUS_2,LGA2018,72300,A,2011,7.1,PCT,,,
ABS:ABS_REGIONAL_LGA2018(1.0.0),CENSUS_2,LGA2018,72300,A,2016,9.7,PCT,,,
ABS:ABS_REGIONAL_LGA2018(1.0.0),CENSUS_2,LGA2018,72330,A,2011,84.5,PCT,,,
ABS:ABS_REGIONAL_LGA2018(1.0.0),CENSUS_2,LGA2018,72330,A,2016,82.3,PCT,,,
ABS:ABS_REGIONAL_LGA2018(1.0.0),CENSUS_2,LGA2018,72800,A,2011,11.1,PCT,,,
ABS:ABS_REGIONAL_LGA2018(1.0.0),CENSUS_2,LGA2018,72800,A,2016,11.3,PCT,,,
ABS:ABS_REGIONAL_LGA2018(1.0.0),CENSUS_2,LGA2018,73600,A,2011,81.7,PCT,,,
ABS:ABS_REGIONAL_LGA2018(1.0.0),CENSUS_2,LGA2018,73600,A,2016,79.6,PCT,,,
ABS:ABS_REGIONAL_LGA2018(1.0.0),CENSUS_2,LGA2018,74050,A,2011,87.8,PCT,,,
ABS:ABS_REGIONAL_LGA2018(1.0.0),CENSUS_2,LGA2018,74050,A,2016,88.9,PCT,,,
ABS:ABS_REGIONAL_LGA2018(1.0.0),CENSUS_2,LGA2018,74550,A,2011,66.3,PCT,,,
ABS:ABS_REGIONAL_LGA2018(1.0.0),CENSUS_2,LGA2018,74550,A,2016,64.8,PCT,,,
ABS:ABS_REGIONAL_LGA2018(1.0.0),CENSUS_2,LGA2018,74560,A,2011,3,PCT,,,
ABS:ABS_REGIONAL_LGA2018(1.0.0),CENSUS_2,LGA2018,74560,A,2016,8.4,PCT,,,
ABS:ABS_REGIONAL_LGA2018(1.0.0),CENSUS_2,LGA2018,74660,A,2011,75.3,PCT,,,
ABS:ABS_REGIONAL_LGA2018(1.0.0),CENSUS_2,LGA2018,74660,A,2016,77.5,PCT,,,
ABS:ABS_REGIONAL_LGA2018(1.0.0),CENSUS_2,LGA2018,74680,A,2011,91.8,PCT,,,
ABS:ABS_REGIONAL_LGA2018(1.0.0),CENSUS_2,LGA2018,74680,A,2016,91,PCT,,,
ABS:ABS_REGIONAL_LGA2018(1.0.0),CENSUS_2,LGA2018,79399,A,2011,12.8,PCT,,,
ABS:ABS_REGIONAL_LGA2018(1.0.0),CENSUS_2,LGA2018,79399,A,2016,10.3,PCT,,,
ABS:ABS_REGIONAL_LGA2018(1.0.0),CENSUS_2,LGA2018,79499,A,2016,28.2,PCT,,,
ABS:ABS_REGIONAL_LGA2018(1.0.0),CENSUS_2,LGA2018,89399,A,2011,1.4,PCT,,,
ABS:ABS_REGIONAL_LGA2018(1.0.0),CENSUS_2,LGA2018,89399,A,2016,1.6,PCT,,,
ABS:ABS_REGIONAL_LGA2018(1.0.0),CENSUS_2,LGA2018,89499,A,2016,5.4,PCT,,,
ABS:ABS_REGIONAL_LGA2018(1.0.0),CENSUS_2,LGA2018,99399,A,2011,8.3,PCT,,,
ABS:ABS_REGIONAL_LGA2018(1.0.0),CENSUS_2,LGA2018,99399,A,2016,5,PCT,,,
ABS:ABS_REGIONAL_LGA2018(1.0.0),CENSUS_2,LGA2018,99499,A,2016,5.5,PCT,,,